time,pos_x,pos_y,pos_z,vel_x,vel_y,vel_z,acc_x,acc_y,acc_z,ori_w,ori_x,ori_y,ori_z,angvel_x,angvel_y,angvel_z,angacc_x,angacc_y,angacc_z,alpha,drag_x,drag_y,drag_z,lift_x,lift_y,lift_z
0,0,0,0,0,0,200,0,0,0,1,0,0,0,0,0,0,0,0,0,0,0,0,0,0,0,0,
0.01,0,0,1.92846,0,0,192.846,0,0,-715.356,1,0,0,0,0,0,0,0,0,0,0,0,0,-41.9096,0,0,0,
0.02,0,0,3.79035,0,0,186.189,0,0,-665.787,1,0,0,0,0,0,0,0,0,0,0,0,0,-38.9652,0,0,0,
0.03,0,0,5.59011,0,0,179.976,0,0,-621.274,1,0,0,0,0,0,0,0,0,0,0,0,0,-36.3212,0,0,0,
0.04,0,0,7.33175,0,0,174.164,0,0,-581.148,1,0,0,0,0,0,0,0,0,0,0,0,0,-33.9377,0,0,0,
0.05,0,0,9.01891,0,0,168.716,0,0,-544.846,1,0,0,0,0,0,0,0,0,0,0,0,0,-31.7814,0,0,0,
0.06,0,0,10.6549,0,0,163.597,0,0,-511.894,1,0,0,0,0,0,0,0,0,0,0,0,0,-29.824,0,0,0,
0.07,0,0,12.2427,0,0,158.778,0,0,-481.889,1,0,0,0,0,0,0,0,0,0,0,0,0,-28.0417,0,0,0,
0.08,0,0,13.785,0,0,154.233,0,0,-454.487,1,0,0,0,0,0,0,0,0,0,0,0,0,-26.414,0,0,0,
0.09,0,0,15.2844,0,0,149.939,0,0,-429.395,1,0,0,0,0,0,0,0,0,0,0,0,0,-24.9235,0,0,0,
0.1,0,0,16.7431,0,0,145.876,0,0,-406.357,1,0,0,0,0,0,0,0,0,0,0,0,0,-23.5551,0,0,0,
0.11,0,0,18.1634,0,0,142.024,0,0,-385.154,1,0,0,0,0,0,0,0,0,0,0,0,0,-22.2956,0,0,0,
0.12,0,0,19.5471,0,0,138.368,0,0,-365.595,1,0,0,0,0,0,0,0,0,0,0,0,0,-21.1338,0,0,0,
0.13,0,0,20.896,0,0,134.893,0,0,-347.513,1,0,0,0,0,0,0,0,0,0,0,0,0,-20.0598,0,0,0,
0.14,0,0,22.2118,0,0,131.585,0,0,-330.763,1,0,0,0,0,0,0,0,0,0,0,0,0,-19.0648,0,0,0,
0.15,0,0,23.4962,0,0,128.433,0,0,-315.216,1,0,0,0,0,0,0,0,0,0,0,0,0,-18.1413,0,0,0,
0.16,0,0,24.7504,0,0,125.426,0,0,-300.759,1,0,0,0,0,0,0,0,0,0,0,0,0,-17.2826,0,0,0,
0.17,0,0,25.976,0,0,122.553,0,0,-287.292,1,0,0,0,0,0,0,0,0,0,0,0,0,-16.4826,0,0,0,
0.18,0,0,27.174,0,0,119.805,0,0,-274.726,1,0,0,0,0,0,0,0,0,0,0,0,0,-15.7362,0,0,0,
0.19,0,0,28.3458,0,0,117.176,0,0,-262.982,1,0,0,0,0,0,0,0,0,0,0,0,0,-15.0386,0,0,0,
0.2,0,0,29.4923,0,0,114.656,0,0,-251.989,1,0,0,0,0,0,0,0,0,0,0,0,0,-14.3856,0,0,0,
0.21,0,0,30.6147,0,0,112.239,0,0,-241.684,1,0,0,0,0,0,0,0,0,0,0,0,0,-13.7735,0,0,0,
0.22,0,0,31.7139,0,0,109.919,0,0,-232.012,1,0,0,0,0,0,0,0,0,0,0,0,0,-13.199,0,0,0,
0.23,0,0,32.7908,0,0,107.69,0,0,-222.92,1,0,0,0,0,0,0,0,0,0,0,0,0,-12.659,0,0,0,
0.24,0,0,33.8463,0,0,105.546,0,0,-214.364,1,0,0,0,0,0,0,0,0,0,0,0,0,-12.1507,0,0,0,
0.25,0,0,34.8811,0,0,103.483,0,0,-206.301,1,0,0,0,0,0,0,0,0,0,0,0,0,-11.6718,0,0,0,
0.26,0,0,35.8961,0,0,101.496,0,0,-198.695,1,0,0,0,0,0,0,0,0,0,0,0,0,-11.22,0,0,0,
0.27,0,0,36.8919,0,0,99.5809,0,0,-191.511,1,0,0,0,0,0,0,0,0,0,0,0,0,-10.7932,0,0,0,
0.28,0,0,37.8692,0,0,97.7337,0,0,-184.719,1,0,0,0,0,0,0,0,0,0,0,0,0,-10.3898,0,0,0,
0.29,0,0,38.8287,0,0,95.9508,0,0,-178.29,1,0,0,0,0,0,0,0,0,0,0,0,0,-10.0079,0,0,0,
0.3,0,0,39.771,0,0,94.2288,0,0,-172.199,1,0,0,0,0,0,0,0,0,0,0,0,0,-9.64609,0,0,0,
0.31,0,0,40.6966,0,0,92.5646,0,0,-166.422,1,0,0,0,0,0,0,0,0,0,0,0,0,-9.30296,0,0,0,
0.32,0,0,41.6062,0,0,90.9552,0,0,-160.939,1,0,0,0,0,0,0,0,0,0,0,0,0,-8.97726,0,0,0,
0.33,0,0,42.5002,0,0,89.3979,0,0,-155.729,1,0,0,0,0,0,0,0,0,0,0,0,0,-8.6678,0,0,0,
0.34,0,0,43.3791,0,0,87.8902,0,0,-150.775,1,0,0,0,0,0,0,0,0,0,0,0,0,-8.37353,0,0,0,
0.35,0,0,44.2434,0,0,86.4296,0,0,-146.06,1,0,0,0,0,0,0,0,0,0,0,0,0,-8.09346,0,0,0,
0.36,0,0,45.0935,0,0,85.0139,0,0,-141.569,1,0,0,0,0,0,0,0,0,0,0,0,0,-7.8267,0,0,0,
0.37,0,0,45.9299,0,0,83.641,0,0,-137.288,1,0,0,0,0,0,0,0,0,0,0,0,0,-7.5724,0,0,0,
0.38,0,0,46.753,0,0,82.309,0,0,-133.204,1,0,0,0,0,0,0,0,0,0,0,0,0,-7.3298,0,0,0,
0.39,0,0,47.5632,0,0,81.0159,0,0,-129.305,1,0,0,0,0,0,0,0,0,0,0,0,0,-7.0982,0,0,0,
0.4,0,0,48.3608,0,0,79.7601,0,0,-125.58,1,0,0,0,0,0,0,0,0,0,0,0,0,-6.87693,0,0,0,
0.41,0,0,49.1462,0,0,78.5399,0,0,-122.019,1,0,0,0,0,0,0,0,0,0,0,0,0,-6.66539,0,0,0,
0.42,0,0,49.9197,0,0,77.3538,0,0,-118.612,1,0,0,0,0,0,0,0,0,0,0,0,0,-6.46301,0,0,0,
0.43,0,0,50.6817,0,0,76.2003,0,0,-115.35,1,0,0,0,0,0,0,0,0,0,0,0,0,-6.26927,0,0,0,
0.44,0,0,51.4325,0,0,75.078,0,0,-112.226,1,0,0,0,0,0,0,0,0,0,0,0,0,-6.08369,0,0,0,
0.45,0,0,52.1724,0,0,73.9857,0,0,-109.231,1,0,0,0,0,0,0,0,0,0,0,0,0,-5.90581,0,0,0,
0.46,0,0,52.9016,0,0,72.9221,0,0,-106.359,1,0,0,0,0,0,0,0,0,0,0,0,0,-5.73522,0,0,0,
0.47,0,0,53.6204,0,0,71.8861,0,0,-103.603,1,0,0,0,0,0,0,0,0,0,0,0,0,-5.57151,0,0,0,
0.48,0,0,54.3292,0,0,70.8765,0,0,-100.957,1,0,0,0,0,0,0,0,0,0,0,0,0,-5.41432,0,0,0,
0.49,0,0,55.0281,0,0,69.8924,0,0,-98.4146,1,0,0,0,0,0,0,0,0,0,0,0,0,-5.26331,0,0,0,
0.5,0,0,55.7174,0,0,68.9327,0,0,-95.9709,1,0,0,0,0,0,0,0,0,0,0,0,0,-5.11816,0,0,0,
0.51,0,0,56.3974,0,0,67.9965,0,0,-93.6209,1,0,0,0,0,0,0,0,0,0,0,0,0,-4.97857,0,0,0,
0.52,0,0,57.0682,0,0,67.0829,0,0,-91.3597,1,0,0,0,0,0,0,0,0,0,0,0,0,-4.84425,0,0,0,
0.53,0,0,57.7302,0,0,66.1911,0,0,-89.183,1,0,0,0,0,0,0,0,0,0,0,0,0,-4.71495,0,0,0,
0.54,0,0,58.3834,0,0,65.3202,0,0,-87.0865,1,0,0,0,0,0,0,0,0,0,0,0,0,-4.59042,0,0,0,
0.55,0,0,59.0281,0,0,64.4695,0,0,-85.0663,1,0,0,0,0,0,0,0,0,0,0,0,0,-4.47042,0,0,0,
0.56,0,0,59.6644,0,0,63.6383,0,0,-83.1189,1,0,0,0,0,0,0,0,0,0,0,0,0,-4.35475,0,0,0,
0.57,0,0,60.2927,0,0,62.8259,0,0,-81.2407,1,0,0,0,0,0,0,0,0,0,0,0,0,-4.24318,0,0,0,
0.58,0,0,60.913,0,0,62.0316,0,0,-79.4285,1,0,0,0,0,0,0,0,0,0,0,0,0,-4.13554,0,0,0,
0.59,0,0,61.5256,0,0,61.2549,0,0,-77.6792,1,0,0,0,0,0,0,0,0,0,0,0,0,-4.03163,0,0,0,
0.6,0,0,62.1305,0,0,60.495,0,0,-75.99,1,0,0,0,0,0,0,0,0,0,0,0,0,-3.93129,0,0,0,
0.61,0,0,62.728,0,0,59.7514,0,0,-74.3581,1,0,0,0,0,0,0,0,0,0,0,0,0,-3.83435,0,0,0,
0.62,0,0,63.3183,0,0,59.0236,0,0,-72.7809,1,0,0,0,0,0,0,0,0,0,0,0,0,-3.74067,0,0,0,
0.63,0,0,63.9014,0,0,58.311,0,0,-71.2561,1,0,0,0,0,0,0,0,0,0,0,0,0,-3.6501,0,0,0,
0.64,0,0,64.4775,0,0,57.6132,0,0,-69.7814,1,0,0,0,0,0,0,0,0,0,0,0,0,-3.5625,0,0,0,
0.65,0,0,65.0468,0,0,56.9296,0,0,-68.3545,1,0,0,0,0,0,0,0,0,0,0,0,0,-3.47774,0,0,0,
0.66,0,0,65.6094,0,0,56.2599,0,0,-66.9735,1,0,0,0,0,0,0,0,0,0,0,0,0,-3.39571,0,0,0,
0.67,0,0,66.1654,0,0,55.6035,0,0,-65.6364,1,0,0,0,0,0,0,0,0,0,0,0,0,-3.31629,0,0,0,
0.68,0,0,66.715,0,0,54.9601,0,0,-64.3413,1,0,0,0,0,0,0,0,0,0,0,0,0,-3.23936,0,0,0,
0.69,0,0,67.2583,0,0,54.3293,0,0,-63.0865,1,0,0,0,0,0,0,0,0,0,0,0,0,-3.16482,0,0,0,
0.7,0,0,67.7954,0,0,53.7106,0,0,-61.8704,1,0,0,0,0,0,0,0,0,0,0,0,0,-3.09258,0,0,0,
0.71,0,0,68.3265,0,0,53.1037,0,0,-60.6913,1,0,0,0,0,0,0,0,0,0,0,0,0,-3.02255,0,0,0,
0.72,0,0,68.8515,0,0,52.5082,0,0,-59.5478,1,0,0,0,0,0,0,0,0,0,0,0,0,-2.95463,0,0,0,
0.73,0,0,69.3708,0,0,51.9238,0,0,-58.4385,1,0,0,0,0,0,0,0,0,0,0,0,0,-2.88873,0,0,0,
0.74,0,0,69.8843,0,0,51.3502,0,0,-57.3621,1,0,0,0,0,0,0,0,0,0,0,0,0,-2.82479,0,0,0,
0.75,0,0,70.3922,0,0,50.787,0,0,-56.3172,1,0,0,0,0,0,0,0,0,0,0,0,0,-2.76272,0,0,0,
0.76,0,0,70.8945,0,0,50.234,0,0,-55.3026,1,0,0,0,0,0,0,0,0,0,0,0,0,-2.70246,0,0,0,
0.77,0,0,71.3914,0,0,49.6908,0,0,-54.3171,1,0,0,0,0,0,0,0,0,0,0,0,0,-2.64392,0,0,0,
0.78,0,0,71.883,0,0,49.1572,0,0,-53.3598,1,0,0,0,0,0,0,0,0,0,0,0,0,-2.58706,0,0,0,
0.79,0,0,72.3693,0,0,48.6329,0,0,-52.4294,1,0,0,0,0,0,0,0,0,0,0,0,0,-2.53179,0,0,0,
0.8,0,0,72.8505,0,0,48.1177,0,0,-51.5251,1,0,0,0,0,0,0,0,0,0,0,0,0,-2.47807,0,0,0,
0.81,0,0,73.3266,0,0,47.6112,0,0,-50.6458,1,0,0,0,0,0,0,0,0,0,0,0,0,-2.42584,0,0,0,
0.82,0,0,73.7977,0,0,47.1133,0,0,-49.7906,1,0,0,0,0,0,0,0,0,0,0,0,0,-2.37505,0,0,0,
0.83,0,0,74.264,0,0,46.6237,0,0,-48.9587,1,0,0,0,0,0,0,0,0,0,0,0,0,-2.32563,0,0,0,
0.84,0,0,74.7254,0,0,46.1422,0,0,-48.1492,1,0,0,0,0,0,0,0,0,0,0,0,0,-2.27755,0,0,0,
0.85,0,0,75.1821,0,0,45.6686,0,0,-47.3613,1,0,0,0,0,0,0,0,0,0,0,0,0,-2.23075,0,0,0,
0.86,0,0,75.6341,0,0,45.2027,0,0,-46.5944,1,0,0,0,0,0,0,0,0,0,0,0,0,-2.18519,0,0,0,
0.87,0,0,76.0815,0,0,44.7442,0,0,-45.8475,1,0,0,0,0,0,0,0,0,0,0,0,0,-2.14083,0,0,0,
0.88,0,0,76.5245,0,0,44.293,0,0,-45.1201,1,0,0,0,0,0,0,0,0,0,0,0,0,-2.09762,0,0,0,
0.89,0,0,76.963,0,0,43.8489,0,0,-44.4115,1,0,0,0,0,0,0,0,0,0,0,0,0,-2.05553,0,0,0,
0.9,0,0,77.3971,0,0,43.4117,0,0,-43.721,1,0,0,0,0,0,0,0,0,0,0,0,0,-2.01452,0,0,0,
0.91,0,0,77.8269,0,0,42.9812,0,0,-43.0481,1,0,0,0,0,0,0,0,0,0,0,0,0,-1.97454,0,0,0,
0.92,0,0,78.2525,0,0,42.5573,0,0,-42.3921,1,0,0,0,0,0,0,0,0,0,0,0,0,-1.93558,0,0,0,
0.93,0,0,78.6739,0,0,42.1397,0,0,-41.7525,1,0,0,0,0,0,0,0,0,0,0,0,0,-1.89758,0,0,0,
0.94,0,0,79.0911,0,0,41.7284,0,0,-41.1287,1,0,0,0,0,0,0,0,0,0,0,0,0,-1.86053,0,0,0,
0.95,0,0,79.5044,0,0,41.3232,0,0,-40.5203,1,0,0,0,0,0,0,0,0,0,0,0,0,-1.82439,0,0,0,
0.96,0,0,79.9136,0,0,40.924,0,0,-39.9267,1,0,0,0,0,0,0,0,0,0,0,0,0,-1.78913,0,0,0,
0.97,0,0,80.3189,0,0,40.5305,0,0,-39.3475,1,0,0,0,0,0,0,0,0,0,0,0,0,-1.75473,0,0,0,
0.98,0,0,80.7203,0,0,40.1427,0,0,-38.7822,1,0,0,0,0,0,0,0,0,0,0,0,0,-1.72115,0,0,0,
0.99,0,0,81.1179,0,0,39.7604,0,0,-38.2303,1,0,0,0,0,0,0,0,0,0,0,0,0,-1.68837,0,0,0,
1,0,0,81.5118,0,0,39.3835,0,0,-37.6915,1,0,0,0,0,0,0,0,0,0,0,0,0,-1.65636,0,0,0,
1.01,0,0,81.9019,0,0,39.0118,0,0,-37.1653,1,0,0,0,0,0,0,0,0,0,0,0,0,-1.62511,0,0,0,
1.02,0,0,82.2884,0,0,38.6453,0,0,-36.6514,1,0,0,0,0,0,0,0,0,0,0,0,0,-1.59458,0,0,0,
1.03,0,0,82.6712,0,0,38.2838,0,0,-36.1494,1,0,0,0,0,0,0,0,0,0,0,0,0,-1.56476,0,0,0,
1.04,0,0,83.0505,0,0,37.9272,0,0,-35.6588,1,0,0,0,0,0,0,0,0,0,0,0,0,-1.53562,0,0,0,
1.05,0,0,83.4262,0,0,37.5754,0,0,-35.1795,1,0,0,0,0,0,0,0,0,0,0,0,0,-1.50715,0,0,0,
1.06,0,0,83.7985,0,0,37.2283,0,0,-34.711,1,0,0,0,0,0,0,0,0,0,0,0,0,-1.47932,0,0,0,
1.07,0,0,84.1674,0,0,36.8858,0,0,-34.253,1,0,0,0,0,0,0,0,0,0,0,0,0,-1.45211,0,0,0,
1.08,0,0,84.5328,0,0,36.5477,0,0,-33.8052,1,0,0,0,0,0,0,0,0,0,0,0,0,-1.42551,0,0,0,
1.09,0,0,84.895,0,0,36.214,0,0,-33.3673,1,0,0,0,0,0,0,0,0,0,0,0,0,-1.3995,0,0,0,
1.1,0,0,85.2538,0,0,35.8847,0,0,-32.9391,1,0,0,0,0,0,0,0,0,0,0,0,0,-1.37407,0,0,0,
1.11,0,0,85.6094,0,0,35.5595,0,0,-32.5202,1,0,0,0,0,0,0,0,0,0,0,0,0,-1.34918,0,0,0,
1.12,0,0,85.9618,0,0,35.2383,0,0,-32.1104,1,0,0,0,0,0,0,0,0,0,0,0,0,-1.32484,0,0,0,
1.13,0,0,86.311,0,0,34.9213,0,0,-31.7094,1,0,0,0,0,0,0,0,0,0,0,0,0,-1.30102,0,0,0,
1.14,0,0,86.6571,0,0,34.6081,0,0,-31.317,1,0,0,0,0,0,0,0,0,0,0,0,0,-1.27771,0,0,0,
1.15,0,0,87.0001,0,0,34.2988,0,0,-30.9329,1,0,0,0,0,0,0,0,0,0,0,0,0,-1.2549,0,0,0,
1.16,0,0,87.34,0,0,33.9932,0,0,-30.5569,1,0,0,0,0,0,0,0,0,0,0,0,0,-1.23257,0,0,0,
1.17,0,0,87.6769,0,0,33.6913,0,0,-30.1889,1,0,0,0,0,0,0,0,0,0,0,0,0,-1.2107,0,0,0,
1.18,0,0,88.0109,0,0,33.393,0,0,-29.8284,1,0,0,0,0,0,0,0,0,0,0,0,0,-1.18929,0,0,0,
1.19,0,0,88.3418,0,0,33.0983,0,0,-29.4755,1,0,0,0,0,0,0,0,0,0,0,0,0,-1.16833,0,0,0,
1.2,0,0,88.6699,0,0,32.807,0,0,-29.1298,1,0,0,0,0,0,0,0,0,0,0,0,0,-1.14779,0,0,0,
1.21,0,0,88.9951,0,0,32.519,0,0,-28.7912,1,0,0,0,0,0,0,0,0,0,0,0,0,-1.12768,0,0,0,
1.22,0,0,89.3174,0,0,32.2345,0,0,-28.4594,1,0,0,0,0,0,0,0,0,0,0,0,0,-1.10797,0,0,0,
1.23,0,0,89.637,0,0,31.9531,0,0,-28.1344,1,0,0,0,0,0,0,0,0,0,0,0,0,-1.08867,0,0,0,
1.24,0,0,89.9537,0,0,31.675,0,0,-27.8158,1,0,0,0,0,0,0,0,0,0,0,0,0,-1.06974,0,0,0,
1.25,0,0,90.2677,0,0,31.3999,0,0,-27.5036,1,0,0,0,0,0,0,0,0,0,0,0,0,-1.0512,0,0,0,
1.26,0,0,90.579,0,0,31.1279,0,0,-27.1976,1,0,0,0,0,0,0,0,0,0,0,0,0,-1.03303,0,0,0,
1.27,0,0,90.8876,0,0,30.859,0,0,-26.8977,1,0,0,0,0,0,0,0,0,0,0,0,0,-1.01521,0,0,0,
1.28,0,0,91.1935,0,0,30.5929,0,0,-26.6036,1,0,0,0,0,0,0,0,0,0,0,0,0,-0.997738,0,0,0,
1.29,0,0,91.4968,0,0,30.3298,0,0,-26.3152,1,0,0,0,0,0,0,0,0,0,0,0,0,-0.980609,0,0,0,
1.3,0,0,91.7975,0,0,30.0695,0,0,-26.0324,1,0,0,0,0,0,0,0,0,0,0,0,0,-0.963812,0,0,0,
1.31,0,0,92.0956,0,0,29.8119,0,0,-25.7551,1,0,0,0,0,0,0,0,0,0,0,0,0,-0.947338,0,0,0,
1.32,0,0,92.3912,0,0,29.5571,0,0,-25.4831,1,0,0,0,0,0,0,0,0,0,0,0,0,-0.931179,0,0,0,
1.33,0,0,92.6843,0,0,29.3049,0,0,-25.2162,1,0,0,0,0,0,0,0,0,0,0,0,0,-0.915328,0,0,0,
1.34,0,0,92.9748,0,0,29.0554,0,0,-24.9544,1,0,0,0,0,0,0,0,0,0,0,0,0,-0.899776,0,0,0,
1.35,0,0,93.2629,0,0,28.8084,0,0,-24.6975,1,0,0,0,0,0,0,0,0,0,0,0,0,-0.884518,0,0,0,
1.36,0,0,93.5485,0,0,28.5639,0,0,-24.4454,1,0,0,0,0,0,0,0,0,0,0,0,0,-0.869544,0,0,0,
1.37,0,0,93.8318,0,0,28.322,0,0,-24.1981,1,0,0,0,0,0,0,0,0,0,0,0,0,-0.85485,0,0,0,
1.38,0,0,94.1126,0,0,28.0824,0,0,-23.9553,1,0,0,0,0,0,0,0,0,0,0,0,0,-0.840427,0,0,0,
1.39,0,0,94.391,0,0,27.8452,0,0,-23.7169,1,0,0,0,0,0,0,0,0,0,0,0,0,-0.826271,0,0,0,
1.4,0,0,94.6671,0,0,27.6104,0,0,-23.483,1,0,0,0,0,0,0,0,0,0,0,0,0,-0.812373,0,0,0,
1.41,0,0,94.9409,0,0,27.3779,0,0,-23.2533,1,0,0,0,0,0,0,0,0,0,0,0,0,-0.798729,0,0,0,
1.42,0,0,95.2124,0,0,27.1476,0,0,-23.0277,1,0,0,0,0,0,0,0,0,0,0,0,0,-0.785332,0,0,0,
1.43,0,0,95.4816,0,0,26.9195,0,0,-22.8063,1,0,0,0,0,0,0,0,0,0,0,0,0,-0.772176,0,0,0,
1.44,0,0,95.7485,0,0,26.6936,0,0,-22.5888,1,0,0,0,0,0,0,0,0,0,0,0,0,-0.759257,0,0,0,
1.45,0,0,96.0132,0,0,26.4699,0,0,-22.3751,1,0,0,0,0,0,0,0,0,0,0,0,0,-0.746568,0,0,0,
1.46,0,0,96.2757,0,0,26.2482,0,0,-22.1653,1,0,0,0,0,0,0,0,0,0,0,0,0,-0.734105,0,0,0,
1.47,0,0,96.536,0,0,26.0286,0,0,-21.9592,1,0,0,0,0,0,0,0,0,0,0,0,0,-0.721862,0,0,0,
1.48,0,0,96.7941,0,0,25.8111,0,0,-21.7567,1,0,0,0,0,0,0,0,0,0,0,0,0,-0.709834,0,0,0,
1.49,0,0,97.0501,0,0,25.5955,0,0,-21.5578,1,0,0,0,0,0,0,0,0,0,0,0,0,-0.698017,0,0,0,
1.5,0,0,97.3039,0,0,25.3819,0,0,-21.3623,1,0,0,0,0,0,0,0,0,0,0,0,0,-0.686406,0,0,0,
1.51,0,0,97.5556,0,0,25.1702,0,0,-21.1702,1,0,0,0,0,0,0,0,0,0,0,0,0,-0.674996,0,0,0,
1.52,0,0,97.8052,0,0,24.9604,0,0,-20.9815,1,0,0,0,0,0,0,0,0,0,0,0,0,-0.663783,0,0,0,
1.53,0,0,98.0527,0,0,24.7524,0,0,-20.7959,1,0,0,0,0,0,0,0,0,0,0,0,0,-0.652763,0,0,0,
1.54,0,0,98.2982,0,0,24.5463,0,0,-20.6136,1,0,0,0,0,0,0,0,0,0,0,0,0,-0.641931,0,0,0,
1.55,0,0,98.5416,0,0,24.3419,0,0,-20.4343,1,0,0,0,0,0,0,0,0,0,0,0,0,-0.631284,0,0,0,
1.56,0,0,98.783,0,0,24.1393,0,0,-20.2581,1,0,0,0,0,0,0,0,0,0,0,0,0,-0.620817,0,0,0,
1.57,0,0,99.0224,0,0,23.9385,0,0,-20.0849,1,0,0,0,0,0,0,0,0,0,0,0,0,-0.610527,0,0,0,
1.58,0,0,99.2598,0,0,23.7393,0,0,-19.9146,1,0,0,0,0,0,0,0,0,0,0,0,0,-0.600409,0,0,0,
1.59,0,0,99.4952,0,0,23.5419,0,0,-19.7471,1,0,0,0,0,0,0,0,0,0,0,0,0,-0.590461,0,0,0,
1.6,0,0,99.7286,0,0,23.3461,0,0,-19.5824,1,0,0,0,0,0,0,0,0,0,0,0,0,-0.580679,0,0,0,
1.61,0,0,99.9602,0,0,23.1518,0,0,-19.4204,1,0,0,0,0,0,0,0,0,0,0,0,0,-0.571059,0,0,0,
1.62,0,0,100.19,0,0,22.9592,0,0,-19.2612,1,0,0,0,0,0,0,0,0,0,0,0,0,-0.561597,0,0,0,
1.63,0,0,100.417,0,0,22.7682,0,0,-19.1045,1,0,0,0,0,0,0,0,0,0,0,0,0,-0.552292,0,0,0,
1.64,0,0,100.643,0,0,22.5787,0,0,-18.9504,1,0,0,0,0,0,0,0,0,0,0,0,0,-0.543139,0,0,0,
1.65,0,0,100.867,0,0,22.3907,0,0,-18.7988,1,0,0,0,0,0,0,0,0,0,0,0,0,-0.534135,0,0,0,
1.66,0,0,101.089,0,0,22.2042,0,0,-18.6497,1,0,0,0,0,0,0,0,0,0,0,0,0,-0.525278,0,0,0,
1.67,0,0,101.309,0,0,22.0192,0,0,-18.503,1,0,0,0,0,0,0,0,0,0,0,0,0,-0.516564,0,0,0,
1.68,0,0,101.528,0,0,21.8356,0,0,-18.3587,1,0,0,0,0,0,0,0,0,0,0,0,0,-0.507991,0,0,0,
1.69,0,0,101.744,0,0,21.6534,0,0,-18.2167,1,0,0,0,0,0,0,0,0,0,0,0,0,-0.499555,0,0,0,
1.7,0,0,101.959,0,0,21.4726,0,0,-18.0769,1,0,0,0,0,0,0,0,0,0,0,0,0,-0.491255,0,0,0,
1.71,0,0,102.172,0,0,21.2933,0,0,-17.9394,1,0,0,0,0,0,0,0,0,0,0,0,0,-0.483087,0,0,0,
1.72,0,0,102.383,0,0,21.1152,0,0,-17.8041,1,0,0,0,0,0,0,0,0,0,0,0,0,-0.475048,0,0,0,
1.73,0,0,102.592,0,0,20.9385,0,0,-17.6709,1,0,0,0,0,0,0,0,0,0,0,0,0,-0.467138,0,0,0,
1.74,0,0,102.8,0,0,20.7631,0,0,-17.5398,1,0,0,0,0,0,0,0,0,0,0,0,0,-0.459352,0,0,0,
1.75,0,0,103.006,0,0,20.589,0,0,-17.4108,1,0,0,0,0,0,0,0,0,0,0,0,0,-0.451688,0,0,0,
1.76,0,0,103.21,0,0,20.4162,0,0,-17.2838,1,0,0,0,0,0,0,0,0,0,0,0,0,-0.444144,0,0,0,
1.77,0,0,103.413,0,0,20.2446,0,0,-17.1588,1,0,0,0,0,0,0,0,0,0,0,0,0,-0.436719,0,0,0,
1.78,0,0,103.613,0,0,20.0742,0,0,-17.0358,1,0,0,0,0,0,0,0,0,0,0,0,0,-0.429409,0,0,0,
1.79,0,0,103.812,0,0,19.9051,0,0,-16.9146,1,0,0,0,0,0,0,0,0,0,0,0,0,-0.422212,0,0,0,
1.8,0,0,104.01,0,0,19.7371,0,0,-16.7953,1,0,0,0,0,0,0,0,0,0,0,0,0,-0.415127,0,0,0,
1.81,0,0,104.205,0,0,19.5703,0,0,-16.6779,1,0,0,0,0,0,0,0,0,0,0,0,0,-0.408151,0,0,0,
1.82,0,0,104.399,0,0,19.4047,0,0,-16.5623,1,0,0,0,0,0,0,0,0,0,0,0,0,-0.401283,0,0,0,
1.83,0,0,104.592,0,0,19.2402,0,0,-16.4484,1,0,0,0,0,0,0,0,0,0,0,0,0,-0.394519,0,0,0,
1.84,0,0,104.783,0,0,19.0769,0,0,-16.3363,1,0,0,0,0,0,0,0,0,0,0,0,0,-0.387859,0,0,0,
1.85,0,0,104.972,0,0,18.9146,0,0,-16.2259,1,0,0,0,0,0,0,0,0,0,0,0,0,-0.381301,0,0,0,
1.86,0,0,105.159,0,0,18.7534,0,0,-16.1171,1,0,0,0,0,0,0,0,0,0,0,0,0,-0.374842,0,0,0,
1.87,0,0,105.345,0,0,18.5933,0,0,-16.01,1,0,0,0,0,0,0,0,0,0,0,0,0,-0.368481,0,0,0,
1.88,0,0,105.53,0,0,18.4343,0,0,-15.9046,1,0,0,0,0,0,0,0,0,0,0,0,0,-0.362217,0,0,0,
1.89,0,0,105.712,0,0,18.2763,0,0,-15.8007,1,0,0,0,0,0,0,0,0,0,0,0,0,-0.356046,0,0,0,
1.9,0,0,105.894,0,0,18.1193,0,0,-15.6984,1,0,0,0,0,0,0,0,0,0,0,0,0,-0.349969,0,0,0,
1.91,0,0,106.073,0,0,17.9633,0,0,-15.5976,1,0,0,0,0,0,0,0,0,0,0,0,0,-0.343983,0,0,0,
1.92,0,0,106.251,0,0,17.8083,0,0,-15.4983,1,0,0,0,0,0,0,0,0,0,0,0,0,-0.338086,0,0,0,
1.93,0,0,106.428,0,0,17.6543,0,0,-15.4005,1,0,0,0,0,0,0,0,0,0,0,0,0,-0.332277,0,0,0,
1.94,0,0,106.603,0,0,17.5013,0,0,-15.3042,1,0,0,0,0,0,0,0,0,0,0,0,0,-0.326555,0,0,0,
1.95,0,0,106.776,0,0,17.3492,0,0,-15.2093,1,0,0,0,0,0,0,0,0,0,0,0,0,-0.320918,0,0,0,
1.96,0,0,106.948,0,0,17.198,0,0,-15.1158,1,0,0,0,0,0,0,0,0,0,0,0,0,-0.315364,0,0,0,
1.97,0,0,107.119,0,0,17.0478,0,0,-15.0237,1,0,0,0,0,0,0,0,0,0,0,0,0,-0.309893,0,0,0,
1.98,0,0,107.288,0,0,16.8985,0,0,-14.933,1,0,0,0,0,0,0,0,0,0,0,0,0,-0.304502,0,0,0,
1.99,0,0,107.455,0,0,16.75,0,0,-14.8435,1,0,0,0,0,0,0,0,0,0,0,0,0,-0.299191,0,0,0,
2,0,0,107.621,0,0,16.6025,0,0,-14.7554,1,0,0,0,0,0,0,0,0,0,0,0,0,-0.293958,0,0,0,
2.01,0,0,107.786,0,0,16.4558,0,0,-14.6686,1,0,0,0,0,0,0,0,0,0,0,0,0,-0.288802,0,0,0,
2.02,0,0,107.949,0,0,16.31,0,0,-14.5831,1,0,0,0,0,0,0,0,0,0,0,0,0,-0.283721,0,0,0,
2.03,0,0,108.111,0,0,16.165,0,0,-14.4988,1,0,0,0,0,0,0,0,0,0,0,0,0,-0.278715,0,0,0,
2.04,0,0,108.271,0,0,16.0208,0,0,-14.4158,1,0,0,0,0,0,0,0,0,0,0,0,0,-0.273782,0,0,0,
2.05,0,0,108.43,0,0,15.8775,0,0,-14.3339,1,0,0,0,0,0,0,0,0,0,0,0,0,-0.26892,0,0,0,
2.06,0,0,108.587,0,0,15.7349,0,0,-14.2533,1,0,0,0,0,0,0,0,0,0,0,0,0,-0.26413,0,0,0,
2.07,0,0,108.743,0,0,15.5932,0,0,-14.1738,1,0,0,0,0,0,0,0,0,0,0,0,0,-0.259409,0,0,0,
2.08,0,0,108.897,0,0,15.4523,0,0,-14.0955,1,0,0,0,0,0,0,0,0,0,0,0,0,-0.254756,0,0,0,
2.09,0,0,109.051,0,0,15.3121,0,0,-14.0183,1,0,0,0,0,0,0,0,0,0,0,0,0,-0.250171,0,0,0,
2.1,0,0,109.202,0,0,15.1727,0,0,-13.9422,1,0,0,0,0,0,0,0,0,0,0,0,0,-0.245653,0,0,0,
2.11,0,0,109.353,0,0,15.034,0,0,-13.8673,1,0,0,0,0,0,0,0,0,0,0,0,0,-0.2412,0,0,0,
2.12,0,0,109.502,0,0,14.896,0,0,-13.7934,1,0,0,0,0,0,0,0,0,0,0,0,0,-0.236811,0,0,0,
2.13,0,0,109.649,0,0,14.7588,0,0,-13.7205,1,0,0,0,0,0,0,0,0,0,0,0,0,-0.232485,0,0,0,
2.14,0,0,109.795,0,0,14.6224,0,0,-13.6488,1,0,0,0,0,0,0,0,0,0,0,0,0,-0.228222,0,0,0,
2.15,0,0,109.94,0,0,14.4866,0,0,-13.578,1,0,0,0,0,0,0,0,0,0,0,0,0,-0.224021,0,0,0,
2.16,0,0,110.084,0,0,14.3515,0,0,-13.5083,1,0,0,0,0,0,0,0,0,0,0,0,0,-0.21988,0,0,0,
2.17,0,0,110.226,0,0,14.2171,0,0,-13.4396,1,0,0,0,0,0,0,0,0,0,0,0,0,-0.215798,0,0,0,
2.18,0,0,110.367,0,0,14.0834,0,0,-13.3719,1,0,0,0,0,0,0,0,0,0,0,0,0,-0.211775,0,0,0,
2.19,0,0,110.506,0,0,13.9503,0,0,-13.3051,1,0,0,0,0,0,0,0,0,0,0,0,0,-0.20781,0,0,0,
2.2,0,0,110.644,0,0,13.8179,0,0,-13.2394,1,0,0,0,0,0,0,0,0,0,0,0,0,-0.203902,0,0,0,
2.21,0,0,110.781,0,0,13.6862,0,0,-13.1745,1,0,0,0,0,0,0,0,0,0,0,0,0,-0.200051,0,0,0,
2.22,0,0,110.917,0,0,13.5551,0,0,-13.1106,1,0,0,0,0,0,0,0,0,0,0,0,0,-0.196254,0,0,0,
2.23,0,0,111.051,0,0,13.4246,0,0,-13.0476,1,0,0,0,0,0,0,0,0,0,0,0,0,-0.192512,0,0,0,
2.24,0,0,111.184,0,0,13.2947,0,0,-12.9855,1,0,0,0,0,0,0,0,0,0,0,0,0,-0.188824,0,0,0,
2.25,0,0,111.316,0,0,13.1655,0,0,-12.9243,1,0,0,0,0,0,0,0,0,0,0,0,0,-0.185188,0,0,0,
2.26,0,0,111.446,0,0,13.0369,0,0,-12.864,1,0,0,0,0,0,0,0,0,0,0,0,0,-0.181605,0,0,0,
2.27,0,0,111.575,0,0,12.9088,0,0,-12.8045,1,0,0,0,0,0,0,0,0,0,0,0,0,-0.178074,0,0,0,
2.28,0,0,111.703,0,0,12.7814,0,0,-12.7459,1,0,0,0,0,0,0,0,0,0,0,0,0,-0.174593,0,0,0,
2.29,0,0,111.829,0,0,12.6545,0,0,-12.6882,1,0,0,0,0,0,0,0,0,0,0,0,0,-0.171162,0,0,0,
2.3,0,0,111.955,0,0,12.5282,0,0,-12.6312,1,0,0,0,0,0,0,0,0,0,0,0,0,-0.167781,0,0,0,
2.31,0,0,112.079,0,0,12.4024,0,0,-12.5751,1,0,0,0,0,0,0,0,0,0,0,0,0,-0.164448,0,0,0,
2.32,0,0,112.202,0,0,12.2772,0,0,-12.5198,1,0,0,0,0,0,0,0,0,0,0,0,0,-0.161163,0,0,0,
2.33,0,0,112.323,0,0,12.1526,0,0,-12.4653,1,0,0,0,0,0,0,0,0,0,0,0,0,-0.157926,0,0,0,
2.34,0,0,112.443,0,0,12.0284,0,0,-12.4116,1,0,0,0,0,0,0,0,0,0,0,0,0,-0.154735,0,0,0,
2.35,0,0,112.562,0,0,11.9049,0,0,-12.3587,1,0,0,0,0,0,0,0,0,0,0,0,0,-0.151591,0,0,0,
2.36,0,0,112.68,0,0,11.7818,0,0,-12.3065,1,0,0,0,0,0,0,0,0,0,0,0,0,-0.148492,0,0,0,
2.37,0,0,112.797,0,0,11.6592,0,0,-12.2551,1,0,0,0,0,0,0,0,0,0,0,0,0,-0.145438,0,0,0,
2.38,0,0,112.912,0,0,11.5372,0,0,-12.2044,1,0,0,0,0,0,0,0,0,0,0,0,0,-0.142428,0,0,0,
2.39,0,0,113.026,0,0,11.4157,0,0,-12.1545,1,0,0,0,0,0,0,0,0,0,0,0,0,-0.139462,0,0,0,
2.4,0,0,113.139,0,0,11.2946,0,0,-12.1053,1,0,0,0,0,0,0,0,0,0,0,0,0,-0.136539,0,0,0,
2.41,0,0,113.251,0,0,11.174,0,0,-12.0568,1,0,0,0,0,0,0,0,0,0,0,0,0,-0.133658,0,0,0,
2.42,0,0,113.362,0,0,11.0539,0,0,-12.009,1,0,0,0,0,0,0,0,0,0,0,0,0,-0.13082,0,0,0,
2.43,0,0,113.471,0,0,10.9343,0,0,-11.9619,1,0,0,0,0,0,0,0,0,0,0,0,0,-0.128023,0,0,0,
2.44,0,0,113.579,0,0,10.8152,0,0,-11.9155,1,0,0,0,0,0,0,0,0,0,0,0,0,-0.125267,0,0,0,
2.45,0,0,113.686,0,0,10.6965,0,0,-11.8698,1,0,0,0,0,0,0,0,0,0,0,0,0,-0.122552,0,0,0,
2.46,0,0,113.792,0,0,10.5782,0,0,-11.8248,1,0,0,0,0,0,0,0,0,0,0,0,0,-0.119877,0,0,0,
2.47,0,0,113.896,0,0,10.4604,0,0,-11.7804,1,0,0,0,0,0,0,0,0,0,0,0,0,-0.117241,0,0,0,
2.48,0,0,114,0,0,10.3431,0,0,-11.7367,1,0,0,0,0,0,0,0,0,0,0,0,0,-0.114644,0,0,0,
2.49,0,0,114.102,0,0,10.2261,0,0,-11.6936,1,0,0,0,0,0,0,0,0,0,0,0,0,-0.112086,0,0,0,
2.5,0,0,114.203,0,0,10.1096,0,0,-11.6512,1,0,0,0,0,0,0,0,0,0,0,0,0,-0.109566,0,0,0,
2.51,0,0,114.303,0,0,9.99351,0,0,-11.6094,1,0,0,0,0,0,0,0,0,0,0,0,0,-0.107083,0,0,0,
2.52,0,0,114.402,0,0,9.87783,0,0,-11.5682,1,0,0,0,0,0,0,0,0,0,0,0,0,-0.104638,0,0,0,
2.53,0,0,114.5,0,0,9.76255,0,0,-11.5277,1,0,0,0,0,0,0,0,0,0,0,0,0,-0.10223,0,0,0,
2.54,0,0,114.596,0,0,9.64767,0,0,-11.4878,1,0,0,0,0,0,0,0,0,0,0,0,0,-0.0998574,0,0,0,
2.55,0,0,114.691,0,0,9.53319,0,0,-11.4484,1,0,0,0,0,0,0,0,0,0,0,0,0,-0.0975212,0,0,0,
2.56,0,0,114.786,0,0,9.41909,0,0,-11.4097,1,0,0,0,0,0,0,0,0,0,0,0,0,-0.0952205,0,0,0,
2.57,0,0,114.879,0,0,9.30538,0,0,-11.3715,1,0,0,0,0,0,0,0,0,0,0,0,0,-0.0929548,0,0,0,
2.58,0,0,114.971,0,0,9.19204,0,0,-11.334,1,0,0,0,0,0,0,0,0,0,0,0,0,-0.0907239,0,0,0,
2.59,0,0,115.061,0,0,9.07907,0,0,-11.297,1,0,0,0,0,0,0,0,0,0,0,0,0,-0.0885273,0,0,0,
2.6,0,0,115.151,0,0,8.96646,0,0,-11.2606,1,0,0,0,0,0,0,0,0,0,0,0,0,-0.0863647,0,0,0,
2.61,0,0,115.24,0,0,8.85421,0,0,-11.2248,1,0,0,0,0,0,0,0,0,0,0,0,0,-0.0842356,0,0,0,
2.62,0,0,115.327,0,0,8.74232,0,0,-11.1895,1,0,0,0,0,0,0,0,0,0,0,0,0,-0.0821398,0,0,0,
2.63,0,0,115.413,0,0,8.63077,0,0,-11.1547,1,0,0,0,0,0,0,0,0,0,0,0,0,-0.0800769,0,0,0,
2.64,0,0,115.498,0,0,8.51957,0,0,-11.1206,1,0,0,0,0,0,0,0,0,0,0,0,0,-0.0780464,0,0,0,
2.65,0,0,115.583,0,0,8.4087,0,0,-11.0869,1,0,0,0,0,0,0,0,0,0,0,0,0,-0.0760482,0,0,0,
2.66,0,0,115.666,0,0,8.29816,0,0,-11.0538,1,0,0,0,0,0,0,0,0,0,0,0,0,-0.0740817,0,0,0,
2.67,0,0,115.747,0,0,8.18795,0,0,-11.0212,1,0,0,0,0,0,0,0,0,0,0,0,0,-0.0721468,0,0,0,
2.68,0,0,115.828,0,0,8.07805,0,0,-10.9892,1,0,0,0,0,0,0,0,0,0,0,0,0,-0.0702431,0,0,0,
2.69,0,0,115.908,0,0,7.96848,0,0,-10.9577,1,0,0,0,0,0,0,0,0,0,0,0,0,-0.0683703,0,0,0,
2.7,0,0,115.986,0,0,7.85921,0,0,-10.9266,1,0,0,0,0,0,0,0,0,0,0,0,0,-0.066528,0,0,0,
2.71,0,0,116.064,0,0,7.75025,0,0,-10.8961,1,0,0,0,0,0,0,0,0,0,0,0,0,-0.064716,0,0,0,
2.72,0,0,116.14,0,0,7.64159,0,0,-10.8661,1,0,0,0,0,0,0,0,0,0,0,0,0,-0.062934,0,0,0,
2.73,0,0,116.216,0,0,7.53322,0,0,-10.8366,1,0,0,0,0,0,0,0,0,0,0,0,0,-0.0611816,0,0,0,
2.74,0,0,116.29,0,0,7.42514,0,0,-10.8076,1,0,0,0,0,0,0,0,0,0,0,0,0,-0.0594587,0,0,0,
2.75,0,0,116.363,0,0,7.31735,0,0,-10.7791,1,0,0,0,0,0,0,0,0,0,0,0,0,-0.0577649,0,0,0,
2.76,0,0,116.435,0,0,7.20984,0,0,-10.7511,1,0,0,0,0,0,0,0,0,0,0,0,0,-0.0560999,0,0,0,
2.77,0,0,116.506,0,0,7.10261,0,0,-10.7235,1,0,0,0,0,0,0,0,0,0,0,0,0,-0.0544635,0,0,0,
2.78,0,0,116.576,0,0,6.99564,0,0,-10.6965,1,0,0,0,0,0,0,0,0,0,0,0,0,-0.0528554,0,0,0,
2.79,0,0,116.645,0,0,6.88894,0,0,-10.6699,1,0,0,0,0,0,0,0,0,0,0,0,0,-0.0512754,0,0,0,
2.8,0,0,116.713,0,0,6.78251,0,0,-10.6437,1,0,0,0,0,0,0,0,0,0,0,0,0,-0.0497232,0,0,0,
2.81,0,0,116.78,0,0,6.67633,0,0,-10.6181,1,0,0,0,0,0,0,0,0,0,0,0,0,-0.0481986,0,0,0,
2.82,0,0,116.845,0,0,6.5704,0,0,-10.5929,1,0,0,0,0,0,0,0,0,0,0,0,0,-0.0467013,0,0,0,
2.83,0,0,116.91,0,0,6.46472,0,0,-10.5681,1,0,0,0,0,0,0,0,0,0,0,0,0,-0.0452311,0,0,0,
2.84,0,0,116.974,0,0,6.35928,0,0,-10.5438,1,0,0,0,0,0,0,0,0,0,0,0,0,-0.0437878,0,0,0,
2.85,0,0,117.036,0,0,6.25408,0,0,-10.52,1,0,0,0,0,0,0,0,0,0,0,0,0,-0.0423711,0,0,0,
2.86,0,0,117.098,0,0,6.14911,0,0,-10.4966,1,0,0,0,0,0,0,0,0,0,0,0,0,-0.0409808,0,0,0,
2.87,0,0,117.158,0,0,6.04438,0,0,-10.4736,1,0,0,0,0,0,0,0,0,0,0,0,0,-0.0396167,0,0,0,
2.88,0,0,117.218,0,0,5.93987,0,0,-10.4511,1,0,0,0,0,0,0,0,0,0,0,0,0,-0.0382787,0,0,0,
2.89,0,0,117.276,0,0,5.83558,0,0,-10.429,1,0,0,0,0,0,0,0,0,0,0,0,0,-0.0369664,0,0,0,
2.9,0,0,117.333,0,0,5.7315,0,0,-10.4073,1,0,0,0,0,0,0,0,0,0,0,0,0,-0.0356797,0,0,0,
2.91,0,0,117.389,0,0,5.62764,0,0,-10.3861,1,0,0,0,0,0,0,0,0,0,0,0,0,-0.0344184,0,0,0,
2.92,0,0,117.445,0,0,5.52399,0,0,-10.3653,1,0,0,0,0,0,0,0,0,0,0,0,0,-0.0331823,0,0,0,
2.93,0,0,117.499,0,0,5.42054,0,0,-10.3449,1,0,0,0,0,0,0,0,0,0,0,0,0,-0.0319712,0,0,0,
2.94,0,0,117.552,0,0,5.31729,0,0,-10.3249,1,0,0,0,0,0,0,0,0,0,0,0,0,-0.030785,0,0,0,
2.95,0,0,117.604,0,0,5.21424,0,0,-10.3054,1,0,0,0,0,0,0,0,0,0,0,0,0,-0.0296234,0,0,0,
2.96,0,0,117.655,0,0,5.11137,0,0,-10.2862,1,0,0,0,0,0,0,0,0,0,0,0,0,-0.0284863,0,0,0,
2.97,0,0,117.705,0,0,5.0087,0,0,-10.2675,1,0,0,0,0,0,0,0,0,0,0,0,0,-0.0273734,0,0,0,
2.98,0,0,117.754,0,0,4.90621,0,0,-10.2492,1,0,0,0,0,0,0,0,0,0,0,0,0,-0.0262848,0,0,0,
2.99,0,0,117.803,0,0,4.8039,0,0,-10.2312,1,0,0,0,0,0,0,0,0,0,0,0,0,-0.02522,0,0,0,
3,0,0,117.85,0,0,4.70176,0,0,-10.2137,1,0,0,0,0,0,0,0,0,0,0,0,0,-0.0241792,0,0,0,
3.01,0,0,117.896,0,0,4.59979,0,0,-10.1966,1,0,0,0,0,0,0,0,0,0,0,0,0,-0.0231619,0,0,0,
3.02,0,0,117.941,0,0,4.49799,0,0,-10.1799,1,0,0,0,0,0,0,0,0,0,0,0,0,-0.0221682,0,0,0,
3.03,0,0,117.984,0,0,4.39636,0,0,-10.1635,1,0,0,0,0,0,0,0,0,0,0,0,0,-0.0211978,0,0,0,
3.04,0,0,118.027,0,0,4.29488,0,0,-10.1476,1,0,0,0,0,0,0,0,0,0,0,0,0,-0.0202507,0,0,0,
3.05,0,0,118.069,0,0,4.19356,0,0,-10.132,1,0,0,0,0,0,0,0,0,0,0,0,0,-0.0193267,0,0,0,
3.06,0,0,118.11,0,0,4.0924,0,0,-10.1168,1,0,0,0,0,0,0,0,0,0,0,0,0,-0.0184255,0,0,0,
3.07,0,0,118.15,0,0,3.99137,0,0,-10.1021,1,0,0,0,0,0,0,0,0,0,0,0,0,-0.0175472,0,0,0,
3.08,0,0,118.189,0,0,3.8905,0,0,-10.0877,1,0,0,0,0,0,0,0,0,0,0,0,0,-0.0166916,0,0,0,
3.09,0,0,118.227,0,0,3.78976,0,0,-10.0736,1,0,0,0,0,0,0,0,0,0,0,0,0,-0.0158586,0,0,0,
3.1,0,0,118.264,0,0,3.68916,0,0,-10.06,1,0,0,0,0,0,0,0,0,0,0,0,0,-0.015048,0,0,0,
3.11,0,0,118.3,0,0,3.5887,0,0,-10.0467,1,0,0,0,0,0,0,0,0,0,0,0,0,-0.0142597,0,0,0,
3.12,0,0,118.335,0,0,3.48836,0,0,-10.0338,1,0,0,0,0,0,0,0,0,0,0,0,0,-0.0134936,0,0,0,
3.13,0,0,118.369,0,0,3.38814,0,0,-10.0213,1,0,0,0,0,0,0,0,0,0,0,0,0,-0.0127496,0,0,0,
3.14,0,0,118.401,0,0,3.28805,0,0,-10.0091,1,0,0,0,0,0,0,0,0,0,0,0,0,-0.0120276,0,0,0,
3.15,0,0,118.433,0,0,3.18808,0,0,-9.99735,1,0,0,0,0,0,0,0,0,0,0,0,0,-0.0113274,0,0,0,
3.16,0,0,118.464,0,0,3.08822,0,0,-9.98593,1,0,0,0,0,0,0,0,0,0,0,0,0,-0.0106491,0,0,0,
3.17,0,0,118.494,0,0,2.98847,0,0,-9.97487,1,0,0,0,0,0,0,0,0,0,0,0,0,-0.00999241,0,0,0,
3.18,0,0,118.523,0,0,2.88883,0,0,-9.96418,1,0,0,0,0,0,0,0,0,0,0,0,0,-0.00935733,0,0,0,
3.19,0,0,118.551,0,0,2.78929,0,0,-9.95385,1,0,0,0,0,0,0,0,0,0,0,0,0,-0.00874375,0,0,0,
3.2,0,0,118.578,0,0,2.68985,0,0,-9.94388,1,0,0,0,0,0,0,0,0,0,0,0,0,-0.00815157,0,0,0,
3.21,0,0,118.604,0,0,2.59051,0,0,-9.93427,1,0,0,0,0,0,0,0,0,0,0,0,0,-0.00758072,0,0,0,
3.22,0,0,118.629,0,0,2.49126,0,0,-9.92502,1,0,0,0,0,0,0,0,0,0,0,0,0,-0.00703111,0,0,0,
3.23,0,0,118.653,0,0,2.3921,0,0,-9.91612,1,0,0,0,0,0,0,0,0,0,0,0,0,-0.00650267,0,0,0,
3.24,0,0,118.675,0,0,2.29302,0,0,-9.90758,1,0,0,0,0,0,0,0,0,0,0,0,0,-0.00599531,0,0,0,
3.25,0,0,118.697,0,0,2.19403,0,0,-9.89939,1,0,0,0,0,0,0,0,0,0,0,0,0,-0.00550897,0,0,0,
3.26,0,0,118.718,0,0,2.09511,0,0,-9.89156,1,0,0,0,0,0,0,0,0,0,0,0,0,-0.00504357,0,0,0,
3.27,0,0,118.738,0,0,1.99627,0,0,-9.88408,1,0,0,0,0,0,0,0,0,0,0,0,0,-0.00459905,0,0,0,
3.28,0,0,118.757,0,0,1.8975,0,0,-9.87694,1,0,0,0,0,0,0,0,0,0,0,0,0,-0.00417535,0,0,0,
3.29,0,0,118.775,0,0,1.7988,0,0,-9.87016,1,0,0,0,0,0,0,0,0,0,0,0,0,-0.00377241,0,0,0,
3.3,0,0,118.792,0,0,1.70016,0,0,-9.86372,1,0,0,0,0,0,0,0,0,0,0,0,0,-0.00339016,0,0,0,
3.31,0,0,118.808,0,0,1.60159,0,0,-9.85764,1,0,0,0,0,0,0,0,0,0,0,0,0,-0.00302855,0,0,0,
3.32,0,0,118.823,0,0,1.50307,0,0,-9.85189,1,0,0,0,0,0,0,0,0,0,0,0,0,-0.00268754,0,0,0,
3.33,0,0,118.837,0,0,1.4046,0,0,-9.8465,1,0,0,0,0,0,0,0,0,0,0,0,0,-0.00236707,0,0,0,
3.34,0,0,118.85,0,0,1.30619,0,0,-9.84145,1,0,0,0,0,0,0,0,0,0,0,0,0,-0.0020671,0,0,0,
3.35,0,0,118.862,0,0,1.20782,0,0,-9.83674,1,0,0,0,0,0,0,0,0,0,0,0,0,-0.00178758,0,0,0,
3.36,0,0,118.874,0,0,1.1095,0,0,-9.83238,1,0,0,0,0,0,0,0,0,0,0,0,0,-0.00152848,0,0,0,
3.37,0,0,118.884,0,0,1.01121,0,0,-9.82836,1,0,0,0,0,0,0,0,0,0,0,0,0,-0.00128975,0,0,0,
3.38,0,0,118.893,0,0,0.912967,0,0,-9.82469,1,0,0,0,0,0,0,0,0,0,0,0,0,-0.00107137,0,0,0,
3.39,0,0,118.901,0,0,0.814753,0,0,-9.82135,1,0,0,0,0,0,0,0,0,0,0,0,0,-0.000873301,0,0,0,
3.4,0,0,118.908,0,0,0.71657,0,0,-9.81836,1,0,0,0,0,0,0,0,0,0,0,0,0,-0.000695515,0,0,0,
3.41,0,0,118.914,0,0,0.618413,0,0,-9.81571,1,0,0,0,0,0,0,0,0,0,0,0,0,-0.000537986,0,0,0,
3.42,0,0,118.92,0,0,0.520279,0,0,-9.8134,1,0,0,0,0,0,0,0,0,0,0,0,0,-0.000400692,0,0,0,
3.43,0,0,118.924,0,0,0.422165,0,0,-9.81142,1,0,0,0,0,0,0,0,0,0,0,0,0,-0.000283613,0,0,0,
3.44,0,0,118.927,0,0,0.324067,0,0,-9.80979,1,0,0,0,0,0,0,0,0,0,0,0,0,-0.000186731,0,0,0,
3.45,0,0,118.929,0,0,0.225982,0,0,-9.8085,1,0,0,0,0,0,0,0,0,0,0,0,0,-0.000110033,0,0,0,
3.46,0,0,118.931,0,0,0.127906,0,0,-9.80755,1,0,0,0,0,0,0,0,0,0,0,0,0,-5.35057e-05,0,0,0,
3.47,0,0,118.931,0,0,0.0298368,0,0,-9.80694,1,0,0,0,0,0,0,0,0,0,0,0,0,-1.7141e-05,0,0,0,
3.48,0,0,118.93,0,0,-0.0682299,0,0,-9.80667,1,0,0,0,0,0,0,0,0,0,0,0,0,-9.32734e-07,0,0,0,
3.49,0,0,118.928,0,0,-0.166296,0,0,-9.80657,1,0,0,0,0,0,0,0,0,0,3.14159,0,0,4.87757e-06,0,0,0,
3.5,0,0,118.926,0,0,-0.264357,0,0,-9.80616,1,0,0,0,0,0,0,0,0,0,3.14159,0,0,2.89744e-05,0,0,0,
3.51,0,0,118.922,0,0,-0.362411,0,0,-9.80542,1,0,0,0,0,0,0,0,0,0,3.14159,0,0,7.32211e-05,0,0,0,
3.52,0,0,118.918,0,0,-0.460455,0,0,-9.80433,1,0,0,0,0,0,0,0,0,0,3.14159,0,0,0.000137612,0,0,0,
3.53,0,0,118.912,0,0,-0.558484,0,0,-9.80291,1,0,0,0,0,0,0,0,0,0,3.14159,0,0,0.00022214,0,0,0,
3.54,0,0,118.905,0,0,-0.656495,0,0,-9.80115,1,0,0,0,0,0,0,0,0,0,3.14159,0,0,0.000326795,0,0,0,
3.55,0,0,118.898,0,0,-0.754486,0,0,-9.79905,1,0,0,0,0,0,0,0,0,0,3.14159,0,0,0.000451562,0,0,0,
3.56,0,0,118.889,0,0,-0.852452,0,0,-9.79661,1,0,0,0,0,0,0,0,0,0,3.14159,0,0,0.000596425,0,0,0,
3.57,0,0,118.88,0,0,-0.95039,0,0,-9.79383,1,0,0,0,0,0,0,0,0,0,3.14159,0,0,0.000761366,0,0,0,
3.58,0,0,118.869,0,0,-1.0483,0,0,-9.79072,1,0,0,0,0,0,0,0,0,0,3.14159,0,0,0.000946363,0,0,0,
3.59,0,0,118.858,0,0,-1.14617,0,0,-9.78727,1,0,0,0,0,0,0,0,0,0,3.14159,0,0,0.00115139,0,0,0,
3.6,0,0,118.846,0,0,-1.244,0,0,-9.78348,1,0,0,0,0,0,0,0,0,0,3.14159,0,0,0.00137642,0,0,0,
3.61,0,0,118.832,0,0,-1.3418,0,0,-9.77935,1,0,0,0,0,0,0,0,0,0,3.14159,0,0,0.00162143,0,0,0,
3.62,0,0,118.818,0,0,-1.43955,0,0,-9.77489,1,0,0,0,0,0,0,0,0,0,3.14159,0,0,0.00188638,0,0,0,
3.63,0,0,118.802,0,0,-1.53725,0,0,-9.7701,1,0,0,0,0,0,0,0,0,0,3.14159,0,0,0.00217123,0,0,0,
3.64,0,0,118.786,0,0,-1.6349,0,0,-9.76497,1,0,0,0,0,0,0,0,0,0,3.14159,0,0,0.00247595,0,0,0,
3.65,0,0,118.769,0,0,-1.73249,0,0,-9.7595,1,0,0,0,0,0,0,0,0,0,3.14159,0,0,0.0028005,0,0,0,
3.66,0,0,118.75,0,0,-1.83003,0,0,-9.75371,1,0,0,0,0,0,0,0,0,0,3.14159,0,0,0.00314483,0,0,0,
3.67,0,0,118.731,0,0,-1.92751,0,0,-9.74758,1,0,0,0,0,0,0,0,0,0,3.14159,0,0,0.00350889,0,0,0,
3.68,0,0,118.711,0,0,-2.02492,0,0,-9.74112,1,0,0,0,0,0,0,0,0,0,3.14159,0,0,0.00389265,0,0,0,
3.69,0,0,118.69,0,0,-2.12226,0,0,-9.73433,1,0,0,0,0,0,0,0,0,0,3.14159,0,0,0.00429604,0,0,0,
3.7,0,0,118.667,0,0,-2.21953,0,0,-9.72721,1,0,0,0,0,0,0,0,0,0,3.14159,0,0,0.00471901,0,0,0,
3.71,0,0,118.644,0,0,-2.31673,0,0,-9.71976,1,0,0,0,0,0,0,0,0,0,3.14159,0,0,0.00516151,0,0,0,
3.72,0,0,118.62,0,0,-2.41385,0,0,-9.71198,1,0,0,0,0,0,0,0,0,0,3.14159,0,0,0.00562347,0,0,0,
3.73,0,0,118.595,0,0,-2.51089,0,0,-9.70387,1,0,0,0,0,0,0,0,0,0,3.14159,0,0,0.00610484,0,0,0,
3.74,0,0,118.569,0,0,-2.60784,0,0,-9.69545,1,0,0,0,0,0,0,0,0,0,3.14159,0,0,0.00660555,0,0,0,
3.75,0,0,118.542,0,0,-2.70471,0,0,-9.68669,1,0,0,0,0,0,0,0,0,0,3.14159,0,0,0.00712552,0,0,0,
3.76,0,0,118.514,0,0,-2.80149,0,0,-9.67761,1,0,0,0,0,0,0,0,0,0,3.14159,0,0,0.0076647,0,0,0,
3.77,0,0,118.485,0,0,-2.89817,0,0,-9.66822,1,0,0,0,0,0,0,0,0,0,3.14159,0,0,0.00822301,0,0,0,
3.78,0,0,118.455,0,0,-2.99475,0,0,-9.6585,1,0,0,0,0,0,0,0,0,0,3.14159,0,0,0.00880037,0,0,0,
3.79,0,0,118.424,0,0,-3.09124,0,0,-9.64846,1,0,0,0,0,0,0,0,0,0,3.14159,0,0,0.00939671,0,0,0,
3.8,0,0,118.392,0,0,-3.18762,0,0,-9.6381,1,0,0,0,0,0,0,0,0,0,3.14159,0,0,0.0100119,0,0,0,
3.81,0,0,118.359,0,0,-3.28389,0,0,-9.62742,1,0,0,0,0,0,0,0,0,0,3.14159,0,0,0.010646,0,0,0,
3.82,0,0,118.325,0,0,-3.38006,0,0,-9.61643,1,0,0,0,0,0,0,0,0,0,3.14159,0,0,0.0112988,0,0,0,
3.83,0,0,118.291,0,0,-3.47611,0,0,-9.60513,1,0,0,0,0,0,0,0,0,0,3.14159,0,0,0.0119702,0,0,0,
3.84,0,0,118.255,0,0,-3.57204,0,0,-9.59352,1,0,0,0,0,0,0,0,0,0,3.14159,0,0,0.0126602,0,0,0,
3.85,0,0,118.218,0,0,-3.66786,0,0,-9.58159,1,0,0,0,0,0,0,0,0,0,3.14159,0,0,0.0133686,0,0,0,
3.86,0,0,118.181,0,0,-3.76355,0,0,-9.56935,1,0,0,0,0,0,0,0,0,0,3.14159,0,0,0.0140955,0,0,0,
3.87,0,0,118.142,0,0,-3.85912,0,0,-9.55681,1,0,0,0,0,0,0,0,0,0,3.14159,0,0,0.0148405,0,0,0,
3.88,0,0,118.103,0,0,-3.95456,0,0,-9.54396,1,0,0,0,0,0,0,0,0,0,3.14159,0,0,0.0156038,0,0,0,
3.89,0,0,118.062,0,0,-4.04987,0,0,-9.53081,1,0,0,0,0,0,0,0,0,0,3.14159,0,0,0.0163851,0,0,0,
3.9,0,0,118.021,0,0,-4.14504,0,0,-9.51735,1,0,0,0,0,0,0,0,0,0,3.14159,0,0,0.0171845,0,0,0,
3.91,0,0,117.978,0,0,-4.24008,0,0,-9.50359,1,0,0,0,0,0,0,0,0,0,3.14159,0,0,0.0180016,0,0,0,
3.92,0,0,117.935,0,0,-4.33497,0,0,-9.48954,1,0,0,0,0,0,0,0,0,0,3.14159,0,0,0.0188366,0,0,0,
3.93,0,0,117.891,0,0,-4.42973,0,0,-9.47518,1,0,0,0,0,0,0,0,0,0,3.14159,0,0,0.0196891,0,0,0,
3.94,0,0,117.845,0,0,-4.52433,0,0,-9.46053,1,0,0,0,0,0,0,0,0,0,3.14159,0,0,0.0205593,0,0,0,
3.95,0,0,117.799,0,0,-4.61879,0,0,-9.44559,1,0,0,0,0,0,0,0,0,0,3.14159,0,0,0.0214468,0,0,0,
3.96,0,0,117.752,0,0,-4.71309,0,0,-9.43036,1,0,0,0,0,0,0,0,0,0,3.14159,0,0,0.0223517,0,0,0,
3.97,0,0,117.704,0,0,-4.80724,0,0,-9.41484,1,0,0,0,0,0,0,0,0,0,3.14159,0,0,0.0232737,0,0,0,
3.98,0,0,117.655,0,0,-4.90123,0,0,-9.39903,1,0,0,0,0,0,0,0,0,0,3.14159,0,0,0.0242128,0,0,0,
3.99,0,0,117.605,0,0,-4.99506,0,0,-9.38293,1,0,0,0,0,0,0,0,0,0,3.14159,0,0,0.0251689,0,0,0,
4,0,0,117.554,0,0,-5.08872,0,0,-9.36655,1,0,0,0,0,0,0,0,0,0,3.14159,0,0,0.0261418,0,0,0,
4.01,0,0,117.502,0,0,-5.18222,0,0,-9.34989,1,0,0,0,0,0,0,0,0,0,3.14159,0,0,0.0271314,0,0,0,
4.02,0,0,117.449,0,0,-5.27555,0,0,-9.33295,1,0,0,0,0,0,0,0,0,0,3.14159,0,0,0.0281375,0,0,0,
4.03,0,0,117.396,0,0,-5.36871,0,0,-9.31574,1,0,0,0,0,0,0,0,0,0,3.14159,0,0,0.0291601,0,0,0,
4.04,0,0,117.341,0,0,-5.46169,0,0,-9.29825,1,0,0,0,0,0,0,0,0,0,3.14159,0,0,0.0301991,0,0,0,
4.05,0,0,117.286,0,0,-5.5545,0,0,-9.28049,1,0,0,0,0,0,0,0,0,0,3.14159,0,0,0.0312542,0,0,0,
4.06,0,0,117.229,0,0,-5.64712,0,0,-9.26245,1,0,0,0,0,0,0,0,0,0,3.14159,0,0,0.0323254,0,0,0,
4.07,0,0,117.172,0,0,-5.73956,0,0,-9.24415,1,0,0,0,0,0,0,0,0,0,3.14159,0,0,0.0334124,0,0,0,
4.08,0,0,117.113,0,0,-5.83182,0,0,-9.22558,1,0,0,0,0,0,0,0,0,0,3.14159,0,0,0.0345153,0,0,0,
4.09,0,0,117.054,0,0,-5.92389,0,0,-9.20675,1,0,0,0,0,0,0,0,0,0,3.14159,0,0,0.0356338,0,0,0,
4.1,0,0,116.994,0,0,-6.01576,0,0,-9.18766,1,0,0,0,0,0,0,0,0,0,3.14159,0,0,0.0367678,0,0,0,
4.11,0,0,116.933,0,0,-6.10745,0,0,-9.16831,1,0,0,0,0,0,0,0,0,0,3.14159,0,0,0.0379171,0,0,0,
4.12,0,0,116.871,0,0,-6.19893,0,0,-9.14871,1,0,0,0,0,0,0,0,0,0,3.14159,0,0,0.0390817,0,0,0,
4.13,0,0,116.808,0,0,-6.29022,0,0,-9.12885,1,0,0,0,0,0,0,0,0,0,3.14159,0,0,0.0402613,0,0,0,
4.14,0,0,116.744,0,0,-6.38131,0,0,-9.10874,1,0,0,0,0,0,0,0,0,0,3.14159,0,0,0.0414558,0,0,0,
4.15,0,0,116.68,0,0,-6.47219,0,0,-9.08838,1,0,0,0,0,0,0,0,0,0,3.14159,0,0,0.0426652,0,0,0,
4.16,0,0,116.614,0,0,-6.56287,0,0,-9.06778,1,0,0,0,0,0,0,0,0,0,3.14159,0,0,0.0438891,0,0,0,
4.17,0,0,116.547,0,0,-6.65334,0,0,-9.04693,1,0,0,0,0,0,0,0,0,0,3.14159,0,0,0.0451275,0,0,0,
4.18,0,0,116.48,0,0,-6.7436,0,0,-9.02584,1,0,0,0,0,0,0,0,0,0,3.14159,0,0,0.0463803,0,0,0,
4.19,0,0,116.412,0,0,-6.83364,0,0,-9.00451,1,0,0,0,0,0,0,0,0,0,3.14159,0,0,0.0476472,0,0,0,
4.2,0,0,116.342,0,0,-6.92347,0,0,-8.98294,1,0,0,0,0,0,0,0,0,0,3.14159,0,0,0.0489281,0,0,0,
4.21,0,0,116.272,0,0,-7.01308,0,0,-8.96115,1,0,0,0,0,0,0,0,0,0,3.14159,0,0,0.0502229,0,0,0,
4.22,0,0,116.201,0,0,-7.10248,0,0,-8.93912,1,0,0,0,0,0,0,0,0,0,3.14159,0,0,0.0515314,0,0,0,
4.23,0,0,116.129,0,0,-7.19164,0,0,-8.91686,1,0,0,0,0,0,0,0,0,0,3.14159,0,0,0.0528534,0,0,0,
4.24,0,0,116.057,0,0,-7.28059,0,0,-8.89438,1,0,0,0,0,0,0,0,0,0,3.14159,0,0,0.0541889,0,0,0,
4.25,0,0,115.983,0,0,-7.3693,0,0,-8.87167,1,0,0,0,0,0,0,0,0,0,3.14159,0,0,0.0555376,0,0,0,
4.26,0,0,115.908,0,0,-7.45779,0,0,-8.84875,1,0,0,0,0,0,0,0,0,0,3.14159,0,0,0.0568993,0,0,0,
4.27,0,0,115.833,0,0,-7.54605,0,0,-8.82561,1,0,0,0,0,0,0,0,0,0,3.14159,0,0,0.0582739,0,0,0,
4.28,0,0,115.756,0,0,-7.63407,0,0,-8.80225,1,0,0,0,0,0,0,0,0,0,3.14159,0,0,0.0596613,0,0,0,
4.29,0,0,115.679,0,0,-7.72186,0,0,-8.77868,1,0,0,0,0,0,0,0,0,0,3.14159,0,0,0.0610613,0,0,0,
4.3,0,0,115.601,0,0,-7.80941,0,0,-8.7549,1,0,0,0,0,0,0,0,0,0,3.14159,0,0,0.0624737,0,0,0,
4.31,0,0,115.522,0,0,-7.89672,0,0,-8.73092,1,0,0,0,0,0,0,0,0,0,3.14159,0,0,0.0638984,0,0,0,
4.32,0,0,115.442,0,0,-7.98378,0,0,-8.70673,1,0,0,0,0,0,0,0,0,0,3.14159,0,0,0.0653351,0,0,0,
4.33,0,0,115.362,0,0,-8.07061,0,0,-8.68234,1,0,0,0,0,0,0,0,0,0,3.14159,0,0,0.0667838,0,0,0,
4.34,0,0,115.28,0,0,-8.15718,0,0,-8.65776,1,0,0,0,0,0,0,0,0,0,3.14159,0,0,0.0682443,0,0,0,
4.35,0,0,115.198,0,0,-8.24351,0,0,-8.63297,1,0,0,0,0,0,0,0,0,0,3.14159,0,0,0.0697163,0,0,0,
4.36,0,0,115.114,0,0,-8.32959,0,0,-8.608,1,0,0,0,0,0,0,0,0,0,3.14159,0,0,0.0711998,0,0,0,
4.37,0,0,115.03,0,0,-8.41542,0,0,-8.58284,1,0,0,0,0,0,0,0,0,0,3.14159,0,0,0.0726945,0,0,0,
4.38,0,0,114.945,0,0,-8.501,0,0,-8.55749,1,0,0,0,0,0,0,0,0,0,3.14159,0,0,0.0742003,0,0,0,
4.39,0,0,114.859,0,0,-8.58632,0,0,-8.53195,1,0,0,0,0,0,0,0,0,0,3.14159,0,0,0.075717,0,0,0,
4.4,0,0,114.773,0,0,-8.67138,0,0,-8.50624,1,0,0,0,0,0,0,0,0,0,3.14159,0,0,0.0772445,0,0,0,
4.41,0,0,114.685,0,0,-8.75618,0,0,-8.48034,1,0,0,0,0,0,0,0,0,0,3.14159,0,0,0.0787826,0,0,0,
4.42,0,0,114.597,0,0,-8.84073,0,0,-8.45428,1,0,0,0,0,0,0,0,0,0,3.14159,0,0,0.0803311,0,0,0,
4.43,0,0,114.507,0,0,-8.92501,0,0,-8.42803,1,0,0,0,0,0,0,0,0,0,3.14159,0,0,0.0818898,0,0,0,
4.44,0,0,114.417,0,0,-9.00902,0,0,-8.40162,1,0,0,0,0,0,0,0,0,0,3.14159,0,0,0.0834586,0,0,0,
4.45,0,0,114.326,0,0,-9.09277,0,0,-8.37505,1,0,0,0,0,0,0,0,0,0,3.14159,0,0,0.0850372,0,0,0,
4.46,0,0,114.235,0,0,-9.17626,0,0,-8.34831,1,0,0,0,0,0,0,0,0,0,3.14159,0,0,0.0866256,0,0,0,
4.47,0,0,114.142,0,0,-9.25947,0,0,-8.3214,1,0,0,0,0,0,0,0,0,0,3.14159,0,0,0.0882236,0,0,0,
4.48,0,0,114.049,0,0,-9.34241,0,0,-8.29434,1,0,0,0,0,0,0,0,0,0,3.14159,0,0,0.089831,0,0,0,
4.49,0,0,113.954,0,0,-9.42508,0,0,-8.26713,1,0,0,0,0,0,0,0,0,0,3.14159,0,0,0.0914475,0,0,0,
4.5,0,0,113.859,0,0,-9.50748,0,0,-8.23976,1,0,0,0,0,0,0,0,0,0,3.14159,0,0,0.0930731,0,0,0,
4.51,0,0,113.763,0,0,-9.5896,0,0,-8.21225,1,0,0,0,0,0,0,0,0,0,3.14159,0,0,0.0947076,0,0,0,
4.52,0,0,113.667,0,0,-9.67145,0,0,-8.18458,1,0,0,0,0,0,0,0,0,0,3.14159,0,0,0.0963508,0,0,0,
4.53,0,0,113.569,0,0,-9.75302,0,0,-8.15678,1,0,0,0,0,0,0,0,0,0,3.14159,0,0,0.0980025,0,0,0,
4.54,0,0,113.471,0,0,-9.83431,0,0,-8.12883,1,0,0,0,0,0,0,0,0,0,3.14159,0,0,0.0996625,0,0,0,
4.55,0,0,113.372,0,0,-9.91531,0,0,-8.10074,1,0,0,0,0,0,0,0,0,0,3.14159,0,0,0.101331,0,0,0,
4.56,0,0,113.272,0,0,-9.99604,0,0,-8.07253,1,0,0,0,0,0,0,0,0,0,3.14159,0,0,0.103007,0,0,0,
4.57,0,0,113.171,0,0,-10.0765,0,0,-8.04417,1,0,0,0,0,0,0,0,0,0,3.14159,0,0,0.104691,0,0,0,
4.58,0,0,113.069,0,0,-10.1566,0,0,-8.01569,1,0,0,0,0,0,0,0,0,0,3.14159,0,0,0.106383,0,0,0,
4.59,0,0,112.967,0,0,-10.2365,0,0,-7.98709,1,0,0,0,0,0,0,0,0,0,3.14159,0,0,0.108082,0,0,0,
4.6,0,0,112.864,0,0,-10.3161,0,0,-7.95836,1,0,0,0,0,0,0,0,0,0,3.14159,0,0,0.109789,0,0,0,
4.61,0,0,112.76,0,0,-10.3954,0,0,-7.92951,1,0,0,0,0,0,0,0,0,0,3.14159,0,0,0.111502,0,0,0,
4.62,0,0,112.655,0,0,-10.4744,0,0,-7.90054,1,0,0,0,0,0,0,0,0,0,3.14159,0,0,0.113223,0,0,0,
4.63,0,0,112.55,0,0,-10.5531,0,0,-7.87145,1,0,0,0,0,0,0,0,0,0,3.14159,0,0,0.114951,0,0,0,
4.64,0,0,112.443,0,0,-10.6315,0,0,-7.84226,1,0,0,0,0,0,0,0,0,0,3.14159,0,0,0.116685,0,0,0,
4.65,0,0,112.336,0,0,-10.7097,0,0,-7.81295,1,0,0,0,0,0,0,0,0,0,3.14159,0,0,0.118426,0,0,0,
4.66,0,0,112.228,0,0,-10.7875,0,0,-7.78354,1,0,0,0,0,0,0,0,0,0,3.14159,0,0,0.120173,0,0,0,
4.67,0,0,112.12,0,0,-10.865,0,0,-7.75403,1,0,0,0,0,0,0,0,0,0,3.14159,0,0,0.121926,0,0,0,
4.68,0,0,112.01,0,0,-10.9423,0,0,-7.72442,1,0,0,0,0,0,0,0,0,0,3.14159,0,0,0.123685,0,0,0,
4.69,0,0,111.9,0,0,-11.0192,0,0,-7.6947,1,0,0,0,0,0,0,0,0,0,3.14159,0,0,0.12545,0,0,0,
4.7,0,0,111.789,0,0,-11.0959,0,0,-7.6649,1,0,0,0,0,0,0,0,0,0,3.14159,0,0,0.12722,0,0,0,
4.71,0,0,111.677,0,0,-11.1722,0,0,-7.635,1,0,0,0,0,0,0,0,0,0,3.14159,0,0,0.128996,0,0,0,
4.72,0,0,111.565,0,0,-11.2483,0,0,-7.60501,1,0,0,0,0,0,0,0,0,0,3.14159,0,0,0.130778,0,0,0,
4.73,0,0,111.452,0,0,-11.324,0,0,-7.57493,1,0,0,0,0,0,0,0,0,0,3.14159,0,0,0.132564,0,0,0,
4.74,0,0,111.338,0,0,-11.3995,0,0,-7.54477,1,0,0,0,0,0,0,0,0,0,3.14159,0,0,0.134355,0,0,0,
4.75,0,0,111.223,0,0,-11.4746,0,0,-7.51453,1,0,0,0,0,0,0,0,0,0,3.14159,0,0,0.136152,0,0,0,
4.76,0,0,111.107,0,0,-11.5495,0,0,-7.48421,1,0,0,0,0,0,0,0,0,0,3.14159,0,0,0.137953,0,0,0,
4.77,0,0,110.991,0,0,-11.624,0,0,-7.45382,1,0,0,0,0,0,0,0,0,0,3.14159,0,0,0.139758,0,0,0,
4.78,0,0,110.874,0,0,-11.6982,0,0,-7.42335,1,0,0,0,0,0,0,0,0,0,3.14159,0,0,0.141568,0,0,0,
4.79,0,0,110.756,0,0,-11.7722,0,0,-7.39281,1,0,0,0,0,0,0,0,0,0,3.14159,0,0,0.143382,0,0,0,
4.8,0,0,110.638,0,0,-11.8458,0,0,-7.36221,1,0,0,0,0,0,0,0,0,0,3.14159,0,0,0.1452,0,0,0,
4.81,0,0,110.519,0,0,-11.9191,0,0,-7.33154,1,0,0,0,0,0,0,0,0,0,3.14159,0,0,0.147022,0,0,0,
4.82,0,0,110.399,0,0,-11.9921,0,0,-7.30081,1,0,0,0,0,0,0,0,0,0,3.14159,0,0,0.148847,0,0,0,
4.83,0,0,110.278,0,0,-12.0648,0,0,-7.27001,1,0,0,0,0,0,0,0,0,0,3.14159,0,0,0.150676,0,0,0,
4.84,0,0,110.157,0,0,-12.1372,0,0,-7.23916,1,0,0,0,0,0,0,0,0,0,3.14159,0,0,0.152509,0,0,0,
4.85,0,0,110.035,0,0,-12.2093,0,0,-7.20826,1,0,0,0,0,0,0,0,0,0,3.14159,0,0,0.154344,0,0,0,
4.86,0,0,109.912,0,0,-12.2811,0,0,-7.17731,1,0,0,0,0,0,0,0,0,0,3.14159,0,0,0.156183,0,0,0,
4.87,0,0,109.788,0,0,-12.3525,0,0,-7.1463,1,0,0,0,0,0,0,0,0,0,3.14159,0,0,0.158025,0,0,0,
4.88,0,0,109.664,0,0,-12.4237,0,0,-7.11525,1,0,0,0,0,0,0,0,0,0,3.14159,0,0,0.159869,0,0,0,
4.89,0,0,109.539,0,0,-12.4945,0,0,-7.08416,1,0,0,0,0,0,0,0,0,0,3.14159,0,0,0.161716,0,0,0,
4.9,0,0,109.414,0,0,-12.565,0,0,-7.05302,1,0,0,0,0,0,0,0,0,0,3.14159,0,0,0.163566,0,0,0,
4.91,0,0,109.287,0,0,-12.6353,0,0,-7.02184,1,0,0,0,0,0,0,0,0,0,3.14159,0,0,0.165418,0,0,0,
4.92,0,0,109.16,0,0,-12.7052,0,0,-6.99063,1,0,0,0,0,0,0,0,0,0,3.14159,0,0,0.167272,0,0,0,
4.93,0,0,109.032,0,0,-12.7748,0,0,-6.95938,1,0,0,0,0,0,0,0,0,0,3.14159,0,0,0.169128,0,0,0,
4.94,0,0,108.904,0,0,-12.844,0,0,-6.92811,1,0,0,0,0,0,0,0,0,0,3.14159,0,0,0.170985,0,0,0,
4.95,0,0,108.775,0,0,-12.913,0,0,-6.8968,1,0,0,0,0,0,0,0,0,0,3.14159,0,0,0.172845,0,0,0,
4.96,0,0,108.645,0,0,-12.9817,0,0,-6.86547,1,0,0,0,0,0,0,0,0,0,3.14159,0,0,0.174706,0,0,0,
4.97,0,0,108.515,0,0,-13.05,0,0,-6.83411,1,0,0,0,0,0,0,0,0,0,3.14159,0,0,0.176569,0,0,0,
4.98,0,0,108.383,0,0,-13.118,0,0,-6.80273,1,0,0,0,0,0,0,0,0,0,3.14159,0,0,0.178433,0,0,0,
4.99,0,0,108.251,0,0,-13.1857,0,0,-6.77133,1,0,0,0,0,0,0,0,0,0,3.14159,0,0,0.180298,0,0,0,
5,0,0,108.119,0,0,-13.2531,0,0,-6.73991,1,0,0,0,0,0,0,0,0,0,3.14159,0,0,0.182164,0,0,0,
5.01,0,0,107.986,0,0,-13.3202,0,0,-6.70848,1,0,0,0,0,0,0,0,0,0,3.14159,0,0,0.184031,0,0,0,
5.02,0,0,107.852,0,0,-13.387,0,0,-6.67704,1,0,0,0,0,0,0,0,0,0,3.14159,0,0,0.185899,0,0,0,
5.03,0,0,107.717,0,0,-13.4535,0,0,-6.64558,1,0,0,0,0,0,0,0,0,0,3.14159,0,0,0.187767,0,0,0,
5.04,0,0,107.582,0,0,-13.5196,0,0,-6.61412,1,0,0,0,0,0,0,0,0,0,3.14159,0,0,0.189636,0,0,0,
5.05,0,0,107.446,0,0,-13.5854,0,0,-6.58265,1,0,0,0,0,0,0,0,0,0,3.14159,0,0,0.191505,0,0,0,
5.06,0,0,107.31,0,0,-13.6509,0,0,-6.55118,1,0,0,0,0,0,0,0,0,0,3.14159,0,0,0.193375,0,0,0,
5.07,0,0,107.173,0,0,-13.7161,0,0,-6.51971,1,0,0,0,0,0,0,0,0,0,3.14159,0,0,0.195244,0,0,0,
5.08,0,0,107.035,0,0,-13.781,0,0,-6.48824,1,0,0,0,0,0,0,0,0,0,3.14159,0,0,0.197114,0,0,0,
5.09,0,0,106.896,0,0,-13.8456,0,0,-6.45677,1,0,0,0,0,0,0,0,0,0,3.14159,0,0,0.198983,0,0,0,
5.1,0,0,106.757,0,0,-13.9098,0,0,-6.4253,1,0,0,0,0,0,0,0,0,0,3.14159,0,0,0.200852,0,0,0,
5.11,0,0,106.618,0,0,-13.9738,0,0,-6.39385,1,0,0,0,0,0,0,0,0,0,3.14159,0,0,0.202721,0,0,0,
5.12,0,0,106.477,0,0,-14.0374,0,0,-6.3624,1,0,0,0,0,0,0,0,0,0,3.14159,0,0,0.204588,0,0,0,
5.13,0,0,106.336,0,0,-14.1007,0,0,-6.33096,1,0,0,0,0,0,0,0,0,0,3.14159,0,0,0.206456,0,0,0,
5.14,0,0,106.195,0,0,-14.1637,0,0,-6.29954,1,0,0,0,0,0,0,0,0,0,3.14159,0,0,0.208322,0,0,0,
5.15,0,0,106.052,0,0,-14.2264,0,0,-6.26814,1,0,0,0,0,0,0,0,0,0,3.14159,0,0,0.210188,0,0,0,
5.16,0,0,105.909,0,0,-14.2887,0,0,-6.23675,1,0,0,0,0,0,0,0,0,0,3.14159,0,0,0.212052,0,0,0,
5.17,0,0,105.766,0,0,-14.3508,0,0,-6.20538,1,0,0,0,0,0,0,0,0,0,3.14159,0,0,0.213916,0,0,0,
5.18,0,0,105.622,0,0,-14.4125,0,0,-6.17403,1,0,0,0,0,0,0,0,0,0,3.14159,0,0,0.215778,0,0,0,
5.19,0,0,105.477,0,0,-14.474,0,0,-6.14271,1,0,0,0,0,0,0,0,0,0,3.14159,0,0,0.217638,0,0,0,
5.2,0,0,105.332,0,0,-14.5351,0,0,-6.11141,1,0,0,0,0,0,0,0,0,0,3.14159,0,0,0.219497,0,0,0,
5.21,0,0,105.186,0,0,-14.5959,0,0,-6.08014,1,0,0,0,0,0,0,0,0,0,3.14159,0,0,0.221355,0,0,0,
5.22,0,0,105.039,0,0,-14.6564,0,0,-6.0489,1,0,0,0,0,0,0,0,0,0,3.14159,0,0,0.223211,0,0,0,
5.23,0,0,104.892,0,0,-14.7166,0,0,-6.01769,1,0,0,0,0,0,0,0,0,0,3.14159,0,0,0.225064,0,0,0,
5.24,0,0,104.744,0,0,-14.7764,0,0,-5.98651,1,0,0,0,0,0,0,0,0,0,3.14159,0,0,0.226916,0,0,0,
5.25,0,0,104.596,0,0,-14.836,0,0,-5.95536,1,0,0,0,0,0,0,0,0,0,3.14159,0,0,0.228766,0,0,0,
5.26,0,0,104.447,0,0,-14.8952,0,0,-5.92426,1,0,0,0,0,0,0,0,0,0,3.14159,0,0,0.230614,0,0,0,
5.27,0,0,104.297,0,0,-14.9541,0,0,-5.89319,1,0,0,0,0,0,0,0,0,0,3.14159,0,0,0.23246,0,0,0,
5.28,0,0,104.147,0,0,-15.0128,0,0,-5.86216,1,0,0,0,0,0,0,0,0,0,3.14159,0,0,0.234303,0,0,0,
5.29,0,0,103.996,0,0,-15.0711,0,0,-5.83118,1,0,0,0,0,0,0,0,0,0,3.14159,0,0,0.236143,0,0,0,
5.3,0,0,103.845,0,0,-15.1291,0,0,-5.80023,1,0,0,0,0,0,0,0,0,0,3.14159,0,0,0.237981,0,0,0,
5.31,0,0,103.693,0,0,-15.1868,0,0,-5.76934,1,0,0,0,0,0,0,0,0,0,3.14159,0,0,0.239816,0,0,0,
5.32,0,0,103.541,0,0,-15.2442,0,0,-5.73849,1,0,0,0,0,0,0,0,0,0,3.14159,0,0,0.241649,0,0,0,
5.33,0,0,103.388,0,0,-15.3012,0,0,-5.70768,1,0,0,0,0,0,0,0,0,0,3.14159,0,0,0.243479,0,0,0,
5.34,0,0,103.234,0,0,-15.358,0,0,-5.67693,1,0,0,0,0,0,0,0,0,0,3.14159,0,0,0.245305,0,0,0,
5.35,0,0,103.08,0,0,-15.4145,0,0,-5.64623,1,0,0,0,0,0,0,0,0,0,3.14159,0,0,0.247129,0,0,0,
5.36,0,0,102.925,0,0,-15.4706,0,0,-5.61558,1,0,0,0,0,0,0,0,0,0,3.14159,0,0,0.248949,0,0,0,
5.37,0,0,102.77,0,0,-15.5265,0,0,-5.58499,1,0,0,0,0,0,0,0,0,0,3.14159,0,0,0.250766,0,0,0,
5.38,0,0,102.614,0,0,-15.582,0,0,-5.55446,1,0,0,0,0,0,0,0,0,0,3.14159,0,0,0.25258,0,0,0,
5.39,0,0,102.458,0,0,-15.6373,0,0,-5.52398,1,0,0,0,0,0,0,0,0,0,3.14159,0,0,0.254391,0,0,0,
5.4,0,0,102.301,0,0,-15.6922,0,0,-5.49356,1,0,0,0,0,0,0,0,0,0,3.14159,0,0,0.256198,0,0,0,
5.41,0,0,102.144,0,0,-15.7468,0,0,-5.4632,1,0,0,0,0,0,0,0,0,0,3.14159,0,0,0.258001,0,0,0,
5.42,0,0,101.986,0,0,-15.8012,0,0,-5.43291,1,0,0,0,0,0,0,0,0,0,3.14159,0,0,0.2598,0,0,0,
5.43,0,0,101.827,0,0,-15.8552,0,0,-5.40267,1,0,0,0,0,0,0,0,0,0,3.14159,0,0,0.261596,0,0,0,
5.44,0,0,101.668,0,0,-15.9089,0,0,-5.37251,1,0,0,0,0,0,0,0,0,0,3.14159,0,0,0.263388,0,0,0,
5.45,0,0,101.508,0,0,-15.9623,0,0,-5.3424,1,0,0,0,0,0,0,0,0,0,3.14159,0,0,0.265176,0,0,0,
5.46,0,0,101.348,0,0,-16.0155,0,0,-5.31237,1,0,0,0,0,0,0,0,0,0,3.14159,0,0,0.26696,0,0,0,
5.47,0,0,101.187,0,0,-16.0683,0,0,-5.28241,1,0,0,0,0,0,0,0,0,0,3.14159,0,0,0.26874,0,0,0,
5.48,0,0,101.026,0,0,-16.1208,0,0,-5.25251,1,0,0,0,0,0,0,0,0,0,3.14159,0,0,0.270516,0,0,0,
5.49,0,0,100.865,0,0,-16.173,0,0,-5.22269,1,0,0,0,0,0,0,0,0,0,3.14159,0,0,0.272287,0,0,0,
5.5,0,0,100.702,0,0,-16.225,0,0,-5.19294,1,0,0,0,0,0,0,0,0,0,3.14159,0,0,0.274054,0,0,0,
5.51,0,0,100.54,0,0,-16.2766,0,0,-5.16327,1,0,0,0,0,0,0,0,0,0,3.14159,0,0,0.275817,0,0,0,
5.52,0,0,100.376,0,0,-16.3279,0,0,-5.13367,1,0,0,0,0,0,0,0,0,0,3.14159,0,0,0.277575,0,0,0,
5.53,0,0,100.212,0,0,-16.379,0,0,-5.10414,1,0,0,0,0,0,0,0,0,0,3.14159,0,0,0.279329,0,0,0,
5.54,0,0,100.048,0,0,-16.4297,0,0,-5.0747,1,0,0,0,0,0,0,0,0,0,3.14159,0,0,0.281078,0,0,0,
5.55,0,0,99.8834,0,0,-16.4802,0,0,-5.04533,1,0,0,0,0,0,0,0,0,0,3.14159,0,0,0.282823,0,0,0,
5.56,0,0,99.7181,0,0,-16.5303,0,0,-5.01604,1,0,0,0,0,0,0,0,0,0,3.14159,0,0,0.284562,0,0,0,
5.57,0,0,99.5523,0,0,-16.5802,0,0,-4.98683,1,0,0,0,0,0,0,0,0,0,3.14159,0,0,0.286297,0,0,0,
5.58,0,0,99.386,0,0,-16.6298,0,0,-4.95771,1,0,0,0,0,0,0,0,0,0,3.14159,0,0,0.288027,0,0,0,
5.59,0,0,99.2192,0,0,-16.6791,0,0,-4.92867,1,0,0,0,0,0,0,0,0,0,3.14159,0,0,0.289752,0,0,0,
5.6,0,0,99.0519,0,0,-16.7281,0,0,-4.89971,1,0,0,0,0,0,0,0,0,0,3.14159,0,0,0.291472,0,0,0,
5.61,0,0,98.8841,0,0,-16.7768,0,0,-4.87084,1,0,0,0,0,0,0,0,0,0,3.14159,0,0,0.293187,0,0,0,
5.62,0,0,98.7159,0,0,-16.8252,0,0,-4.84205,1,0,0,0,0,0,0,0,0,0,3.14159,0,0,0.294897,0,0,0,
5.63,0,0,98.5471,0,0,-16.8733,0,0,-4.81335,1,0,0,0,0,0,0,0,0,0,3.14159,0,0,0.296602,0,0,0,
5.64,0,0,98.3779,0,0,-16.9212,0,0,-4.78474,1,0,0,0,0,0,0,0,0,0,3.14159,0,0,0.298301,0,0,0,
5.65,0,0,98.2082,0,0,-16.9687,0,0,-4.75622,1,0,0,0,0,0,0,0,0,0,3.14159,0,0,0.299995,0,0,0,
5.66,0,0,98.0381,0,0,-17.016,0,0,-4.72779,1,0,0,0,0,0,0,0,0,0,3.14159,0,0,0.301684,0,0,0,
5.67,0,0,97.8674,0,0,-17.063,0,0,-4.69945,1,0,0,0,0,0,0,0,0,0,3.14159,0,0,0.303368,0,0,0,
5.68,0,0,97.6963,0,0,-17.1097,0,0,-4.6712,1,0,0,0,0,0,0,0,0,0,3.14159,0,0,0.305046,0,0,0,
5.69,0,0,97.5248,0,0,-17.1561,0,0,-4.64304,1,0,0,0,0,0,0,0,0,0,3.14159,0,0,0.306718,0,0,0,
5.7,0,0,97.3528,0,0,-17.2023,0,0,-4.61498,1,0,0,0,0,0,0,0,0,0,3.14159,0,0,0.308385,0,0,0,
5.71,0,0,97.1803,0,0,-17.2482,0,0,-4.58701,1,0,0,0,0,0,0,0,0,0,3.14159,0,0,0.310046,0,0,0,
5.72,0,0,97.0073,0,0,-17.2938,0,0,-4.55914,1,0,0,0,0,0,0,0,0,0,3.14159,0,0,0.311702,0,0,0,
5.73,0,0,96.834,0,0,-17.3391,0,0,-4.53136,1,0,0,0,0,0,0,0,0,0,3.14159,0,0,0.313352,0,0,0,
5.74,0,0,96.6601,0,0,-17.3841,0,0,-4.50368,1,0,0,0,0,0,0,0,0,0,3.14159,0,0,0.314996,0,0,0,
5.75,0,0,96.4858,0,0,-17.4289,0,0,-4.4761,1,0,0,0,0,0,0,0,0,0,3.14159,0,0,0.316635,0,0,0,
5.76,0,0,96.3111,0,0,-17.4734,0,0,-4.44861,1,0,0,0,0,0,0,0,0,0,3.14159,0,0,0.318268,0,0,0,
5.77,0,0,96.1359,0,0,-17.5176,0,0,-4.42122,1,0,0,0,0,0,0,0,0,0,3.14159,0,0,0.319894,0,0,0,
5.78,0,0,95.9603,0,0,-17.5615,0,0,-4.39394,1,0,0,0,0,0,0,0,0,0,3.14159,0,0,0.321515,0,0,0,
5.79,0,0,95.7842,0,0,-17.6052,0,0,-4.36675,1,0,0,0,0,0,0,0,0,0,3.14159,0,0,0.32313,0,0,0,
5.8,0,0,95.6078,0,0,-17.6486,0,0,-4.33966,1,0,0,0,0,0,0,0,0,0,3.14159,0,0,0.324739,0,0,0,
5.81,0,0,95.4308,0,0,-17.6917,0,0,-4.31268,1,0,0,0,0,0,0,0,0,0,3.14159,0,0,0.326342,0,0,0,
5.82,0,0,95.2535,0,0,-17.7346,0,0,-4.28579,1,0,0,0,0,0,0,0,0,0,3.14159,0,0,0.327939,0,0,0,
5.83,0,0,95.0757,0,0,-17.7771,0,0,-4.25901,1,0,0,0,0,0,0,0,0,0,3.14159,0,0,0.32953,0,0,0,
5.84,0,0,94.8975,0,0,-17.8195,0,0,-4.23234,1,0,0,0,0,0,0,0,0,0,3.14159,0,0,0.331114,0,0,0,
5.85,0,0,94.7189,0,0,-17.8615,0,0,-4.20576,1,0,0,0,0,0,0,0,0,0,3.14159,0,0,0.332693,0,0,0,
5.86,0,0,94.5399,0,0,-17.9033,0,0,-4.17929,1,0,0,0,0,0,0,0,0,0,3.14159,0,0,0.334265,0,0,0,
5.87,0,0,94.3604,0,0,-17.9448,0,0,-4.15293,1,0,0,0,0,0,0,0,0,0,3.14159,0,0,0.335831,0,0,0,
5.88,0,0,94.1806,0,0,-17.9861,0,0,-4.12667,1,0,0,0,0,0,0,0,0,0,3.14159,0,0,0.337391,0,0,0,
5.89,0,0,94.0003,0,0,-18.0271,0,0,-4.10051,1,0,0,0,0,0,0,0,0,0,3.14159,0,0,0.338945,0,0,0,
5.9,0,0,93.8196,0,0,-18.0679,0,0,-4.07447,1,0,0,0,0,0,0,0,0,0,3.14159,0,0,0.340492,0,0,0,
5.91,0,0,93.6385,0,0,-18.1084,0,0,-4.04852,1,0,0,0,0,0,0,0,0,0,3.14159,0,0,0.342033,0,0,0,
5.92,0,0,93.4571,0,0,-18.1486,0,0,-4.02269,1,0,0,0,0,0,0,0,0,0,3.14159,0,0,0.343567,0,0,0,
5.93,0,0,93.2752,0,0,-18.1885,0,0,-3.99696,1,0,0,0,0,0,0,0,0,0,3.14159,0,0,0.345095,0,0,0,
5.94,0,0,93.0929,0,0,-18.2283,0,0,-3.97135,1,0,0,0,0,0,0,0,0,0,3.14159,0,0,0.346617,0,0,0,
5.95,0,0,92.9102,0,0,-18.2677,0,0,-3.94584,1,0,0,0,0,0,0,0,0,0,3.14159,0,0,0.348132,0,0,0,
5.96,0,0,92.7271,0,0,-18.3069,0,0,-3.92044,1,0,0,0,0,0,0,0,0,0,3.14159,0,0,0.349641,0,0,0,
5.97,0,0,92.5437,0,0,-18.3459,0,0,-3.89514,1,0,0,0,0,0,0,0,0,0,3.14159,0,0,0.351143,0,0,0,
5.98,0,0,92.3598,0,0,-18.3846,0,0,-3.86996,1,0,0,0,0,0,0,0,0,0,3.14159,0,0,0.352639,0,0,0,
5.99,0,0,92.1756,0,0,-18.423,0,0,-3.84489,1,0,0,0,0,0,0,0,0,0,3.14159,0,0,0.354129,0,0,0,
6,0,0,91.991,0,0,-18.4612,0,0,-3.81993,1,0,0,0,0,0,0,0,0,0,3.14159,0,0,0.355611,0,0,0,
6.01,0,0,91.806,0,0,-18.4992,0,0,-3.79507,1,0,0,0,0,0,0,0,0,0,3.14159,0,0,0.357088,0,0,0,
6.02,0,0,91.6206,0,0,-18.5369,0,0,-3.77033,1,0,0,0,0,0,0,0,0,0,3.14159,0,0,0.358557,0,0,0,
6.03,0,0,91.4349,0,0,-18.5743,0,0,-3.7457,1,0,0,0,0,0,0,0,0,0,3.14159,0,0,0.36002,0,0,0,
6.04,0,0,91.2488,0,0,-18.6115,0,0,-3.72118,1,0,0,0,0,0,0,0,0,0,3.14159,0,0,0.361477,0,0,0,
6.05,0,0,91.0623,0,0,-18.6485,0,0,-3.69678,1,0,0,0,0,0,0,0,0,0,3.14159,0,0,0.362927,0,0,0,
6.06,0,0,90.8754,0,0,-18.6852,0,0,-3.67248,1,0,0,0,0,0,0,0,0,0,3.14159,0,0,0.36437,0,0,0,
6.07,0,0,90.6882,0,0,-18.7217,0,0,-3.6483,1,0,0,0,0,0,0,0,0,0,3.14159,0,0,0.365806,0,0,0,
6.08,0,0,90.5006,0,0,-18.758,0,0,-3.62422,1,0,0,0,0,0,0,0,0,0,3.14159,0,0,0.367236,0,0,0,
6.09,0,0,90.3127,0,0,-18.794,0,0,-3.60026,1,0,0,0,0,0,0,0,0,0,3.14159,0,0,0.368659,0,0,0,
6.1,0,0,90.1244,0,0,-18.8297,0,0,-3.57642,1,0,0,0,0,0,0,0,0,0,3.14159,0,0,0.370076,0,0,0,
6.11,0,0,89.9358,0,0,-18.8653,0,0,-3.55268,1,0,0,0,0,0,0,0,0,0,3.14159,0,0,0.371486,0,0,0,
6.12,0,0,89.7467,0,0,-18.9005,0,0,-3.52906,1,0,0,0,0,0,0,0,0,0,3.14159,0,0,0.372889,0,0,0,
6.13,0,0,89.5574,0,0,-18.9356,0,0,-3.50555,1,0,0,0,0,0,0,0,0,0,3.14159,0,0,0.374285,0,0,0,
6.14,0,0,89.3677,0,0,-18.9704,0,0,-3.48216,1,0,0,0,0,0,0,0,0,0,3.14159,0,0,0.375675,0,0,0,
6.15,0,0,89.1776,0,0,-19.005,0,0,-3.45887,1,0,0,0,0,0,0,0,0,0,3.14159,0,0,0.377058,0,0,0,
6.16,0,0,88.9872,0,0,-19.0394,0,0,-3.43571,1,0,0,0,0,0,0,0,0,0,3.14159,0,0,0.378434,0,0,0,
6.17,0,0,88.7965,0,0,-19.0735,0,0,-3.41265,1,0,0,0,0,0,0,0,0,0,3.14159,0,0,0.379804,0,0,0,
6.18,0,0,88.6054,0,0,-19.1074,0,0,-3.38971,1,0,0,0,0,0,0,0,0,0,3.14159,0,0,0.381166,0,0,0,
6.19,0,0,88.414,0,0,-19.1411,0,0,-3.36688,1,0,0,0,0,0,0,0,0,0,3.14159,0,0,0.382522,0,0,0,
6.2,0,0,88.2223,0,0,-19.1745,0,0,-3.34417,1,0,0,0,0,0,0,0,0,0,3.14159,0,0,0.383872,0,0,0,
6.21,0,0,88.0302,0,0,-19.2077,0,0,-3.32156,1,0,0,0,0,0,0,0,0,0,3.14159,0,0,0.385214,0,0,0,
6.22,0,0,87.8378,0,0,-19.2407,0,0,-3.29908,1,0,0,0,0,0,0,0,0,0,3.14159,0,0,0.38655,0,0,0,
6.23,0,0,87.6451,0,0,-19.2735,0,0,-3.2767,1,0,0,0,0,0,0,0,0,0,3.14159,0,0,0.387879,0,0,0,
6.24,0,0,87.452,0,0,-19.306,0,0,-3.25444,1,0,0,0,0,0,0,0,0,0,3.14159,0,0,0.389201,0,0,0,
6.25,0,0,87.2586,0,0,-19.3383,0,0,-3.2323,1,0,0,0,0,0,0,0,0,0,3.14159,0,0,0.390517,0,0,0,
6.26,0,0,87.0649,0,0,-19.3704,0,0,-3.21026,1,0,0,0,0,0,0,0,0,0,3.14159,0,0,0.391825,0,0,0,
6.27,0,0,86.8709,0,0,-19.4023,0,0,-3.18835,1,0,0,0,0,0,0,0,0,0,3.14159,0,0,0.393127,0,0,0,
6.28,0,0,86.6765,0,0,-19.434,0,0,-3.16654,1,0,0,0,0,0,0,0,0,0,3.14159,0,0,0.394423,0,0,0,
6.29,0,0,86.4819,0,0,-19.4654,0,0,-3.14485,1,0,0,0,0,0,0,0,0,0,3.14159,0,0,0.395711,0,0,0,
6.3,0,0,86.2869,0,0,-19.4967,0,0,-3.12327,1,0,0,0,0,0,0,0,0,0,3.14159,0,0,0.396993,0,0,0,
6.31,0,0,86.0916,0,0,-19.5277,0,0,-3.10181,1,0,0,0,0,0,0,0,0,0,3.14159,0,0,0.398268,0,0,0,
6.32,0,0,85.8961,0,0,-19.5585,0,0,-3.08046,1,0,0,0,0,0,0,0,0,0,3.14159,0,0,0.399536,0,0,0,
6.33,0,0,85.7002,0,0,-19.5891,0,0,-3.05922,1,0,0,0,0,0,0,0,0,0,3.14159,0,0,0.400797,0,0,0,
6.34,0,0,85.504,0,0,-19.6195,0,0,-3.03809,1,0,0,0,0,0,0,0,0,0,3.14159,0,0,0.402052,0,0,0,
6.35,0,0,85.3075,0,0,-19.6496,0,0,-3.01708,1,0,0,0,0,0,0,0,0,0,3.14159,0,0,0.4033,0,0,0,
6.36,0,0,85.1107,0,0,-19.6796,0,0,-2.99618,1,0,0,0,0,0,0,0,0,0,3.14159,0,0,0.404542,0,0,0,
6.37,0,0,84.9136,0,0,-19.7094,0,0,-2.9754,1,0,0,0,0,0,0,0,0,0,3.14159,0,0,0.405776,0,0,0,
6.38,0,0,84.7162,0,0,-19.7389,0,0,-2.95473,1,0,0,0,0,0,0,0,0,0,3.14159,0,0,0.407004,0,0,0,
6.39,0,0,84.5185,0,0,-19.7682,0,0,-2.93417,1,0,0,0,0,0,0,0,0,0,3.14159,0,0,0.408225,0,0,0,
6.4,0,0,84.3205,0,0,-19.7974,0,0,-2.91372,1,0,0,0,0,0,0,0,0,0,3.14159,0,0,0.40944,0,0,0,
6.41,0,0,84.1223,0,0,-19.8263,0,0,-2.89339,1,0,0,0,0,0,0,0,0,0,3.14159,0,0,0.410648,0,0,0,
6.42,0,0,83.9237,0,0,-19.8551,0,0,-2.87316,1,0,0,0,0,0,0,0,0,0,3.14159,0,0,0.411849,0,0,0,
6.43,0,0,83.7249,0,0,-19.8836,0,0,-2.85305,1,0,0,0,0,0,0,0,0,0,3.14159,0,0,0.413044,0,0,0,
6.44,0,0,83.5258,0,0,-19.9119,0,0,-2.83306,1,0,0,0,0,0,0,0,0,0,3.14159,0,0,0.414232,0,0,0,
6.45,0,0,83.3264,0,0,-19.94,0,0,-2.81317,1,0,0,0,0,0,0,0,0,0,3.14159,0,0,0.415413,0,0,0,
6.46,0,0,83.1267,0,0,-19.968,0,0,-2.79339,1,0,0,0,0,0,0,0,0,0,3.14159,0,0,0.416587,0,0,0,
6.47,0,0,82.9267,0,0,-19.9957,0,0,-2.77373,1,0,0,0,0,0,0,0,0,0,3.14159,0,0,0.417755,0,0,0,
6.48,0,0,82.7265,0,0,-20.0233,0,0,-2.75418,1,0,0,0,0,0,0,0,0,0,3.14159,0,0,0.418917,0,0,0,
6.49,0,0,82.526,0,0,-20.0506,0,0,-2.73474,1,0,0,0,0,0,0,0,0,0,3.14159,0,0,0.420072,0,0,0,
6.5,0,0,82.3252,0,0,-20.0778,0,0,-2.71541,1,0,0,0,0,0,0,0,0,0,3.14159,0,0,0.42122,0,0,0,
6.51,0,0,82.1242,0,0,-20.1047,0,0,-2.69619,1,0,0,0,0,0,0,0,0,0,3.14159,0,0,0.422362,0,0,0,
6.52,0,0,81.9229,0,0,-20.1315,0,0,-2.67708,1,0,0,0,0,0,0,0,0,0,3.14159,0,0,0.423497,0,0,0,
6.53,0,0,81.7213,0,0,-20.1581,0,0,-2.65808,1,0,0,0,0,0,0,0,0,0,3.14159,0,0,0.424625,0,0,0,
6.54,0,0,81.5194,0,0,-20.1845,0,0,-2.63919,1,0,0,0,0,0,0,0,0,0,3.14159,0,0,0.425747,0,0,0,
6.55,0,0,81.3173,0,0,-20.2107,0,0,-2.62041,1,0,0,0,0,0,0,0,0,0,3.14159,0,0,0.426863,0,0,0,
6.56,0,0,81.115,0,0,-20.2367,0,0,-2.60174,1,0,0,0,0,0,0,0,0,0,3.14159,0,0,0.427972,0,0,0,
6.57,0,0,80.9123,0,0,-20.2625,0,0,-2.58317,1,0,0,0,0,0,0,0,0,0,3.14159,0,0,0.429074,0,0,0,
6.58,0,0,80.7095,0,0,-20.2882,0,0,-2.56472,1,0,0,0,0,0,0,0,0,0,3.14159,0,0,0.430171,0,0,0,
6.59,0,0,80.5063,0,0,-20.3136,0,0,-2.54638,1,0,0,0,0,0,0,0,0,0,3.14159,0,0,0.43126,0,0,0,
6.6,0,0,80.3029,0,0,-20.3389,0,0,-2.52814,1,0,0,0,0,0,0,0,0,0,3.14159,0,0,0.432343,0,0,0,
6.61,0,0,80.0993,0,0,-20.364,0,0,-2.51001,1,0,0,0,0,0,0,0,0,0,3.14159,0,0,0.43342,0,0,0,
6.62,0,0,79.8954,0,0,-20.3889,0,0,-2.49199,1,0,0,0,0,0,0,0,0,0,3.14159,0,0,0.434491,0,0,0,
6.63,0,0,79.6913,0,0,-20.4137,0,0,-2.47408,1,0,0,0,0,0,0,0,0,0,3.14159,0,0,0.435555,0,0,0,
6.64,0,0,79.4869,0,0,-20.4382,0,0,-2.45627,1,0,0,0,0,0,0,0,0,0,3.14159,0,0,0.436612,0,0,0,
6.65,0,0,79.2823,0,0,-20.4626,0,0,-2.43857,1,0,0,0,0,0,0,0,0,0,3.14159,0,0,0.437664,0,0,0,
6.66,0,0,79.0774,0,0,-20.4868,0,0,-2.42098,1,0,0,0,0,0,0,0,0,0,3.14159,0,0,0.438709,0,0,0,
6.67,0,0,78.8723,0,0,-20.5109,0,0,-2.40349,1,0,0,0,0,0,0,0,0,0,3.14159,0,0,0.439747,0,0,0,
6.68,0,0,78.6669,0,0,-20.5347,0,0,-2.38611,1,0,0,0,0,0,0,0,0,0,3.14159,0,0,0.44078,0,0,0,
6.69,0,0,78.4613,0,0,-20.5584,0,0,-2.36884,1,0,0,0,0,0,0,0,0,0,3.14159,0,0,0.441806,0,0,0,
6.7,0,0,78.2555,0,0,-20.5819,0,0,-2.35167,1,0,0,0,0,0,0,0,0,0,3.14159,0,0,0.442826,0,0,0,
6.71,0,0,78.0495,0,0,-20.6053,0,0,-2.3346,1,0,0,0,0,0,0,0,0,0,3.14159,0,0,0.44384,0,0,0,
6.72,0,0,77.8432,0,0,-20.6285,0,0,-2.31764,1,0,0,0,0,0,0,0,0,0,3.14159,0,0,0.444847,0,0,0,
6.73,0,0,77.6367,0,0,-20.6515,0,0,-2.30079,1,0,0,0,0,0,0,0,0,0,3.14159,0,0,0.445848,0,0,0,
6.74,0,0,77.4299,0,0,-20.6743,0,0,-2.28403,1,0,0,0,0,0,0,0,0,0,3.14159,0,0,0.446843,0,0,0,
6.75,0,0,77.223,0,0,-20.697,0,0,-2.26738,1,0,0,0,0,0,0,0,0,0,3.14159,0,0,0.447832,0,0,0,
6.76,0,0,77.0158,0,0,-20.7195,0,0,-2.25084,1,0,0,0,0,0,0,0,0,0,3.14159,0,0,0.448815,0,0,0,
6.77,0,0,76.8084,0,0,-20.7418,0,0,-2.23439,1,0,0,0,0,0,0,0,0,0,3.14159,0,0,0.449792,0,0,0,
6.78,0,0,76.6007,0,0,-20.764,0,0,-2.21805,1,0,0,0,0,0,0,0,0,0,3.14159,0,0,0.450763,0,0,0,
6.79,0,0,76.3929,0,0,-20.786,0,0,-2.20182,1,0,0,0,0,0,0,0,0,0,3.14159,0,0,0.451727,0,0,0,
6.8,0,0,76.1848,0,0,-20.8079,0,0,-2.18568,1,0,0,0,0,0,0,0,0,0,3.14159,0,0,0.452686,0,0,0,
6.81,0,0,75.9765,0,0,-20.8296,0,0,-2.16964,1,0,0,0,0,0,0,0,0,0,3.14159,0,0,0.453638,0,0,0,
6.82,0,0,75.768,0,0,-20.8511,0,0,-2.15371,1,0,0,0,0,0,0,0,0,0,3.14159,0,0,0.454585,0,0,0,
6.83,0,0,75.5592,0,0,-20.8725,0,0,-2.13787,1,0,0,0,0,0,0,0,0,0,3.14159,0,0,0.455525,0,0,0,
6.84,0,0,75.3503,0,0,-20.8937,0,0,-2.12214,1,0,0,0,0,0,0,0,0,0,3.14159,0,0,0.45646,0,0,0,
6.85,0,0,75.1412,0,0,-20.9148,0,0,-2.10651,1,0,0,0,0,0,0,0,0,0,3.14159,0,0,0.457389,0,0,0,
6.86,0,0,74.9318,0,0,-20.9357,0,0,-2.09097,1,0,0,0,0,0,0,0,0,0,3.14159,0,0,0.458311,0,0,0,
6.87,0,0,74.7222,0,0,-20.9564,0,0,-2.07554,1,0,0,0,0,0,0,0,0,0,3.14159,0,0,0.459228,0,0,0,
6.88,0,0,74.5125,0,0,-20.977,0,0,-2.0602,1,0,0,0,0,0,0,0,0,0,3.14159,0,0,0.460139,0,0,0,
6.89,0,0,74.3025,0,0,-20.9975,0,0,-2.04496,1,0,0,0,0,0,0,0,0,0,3.14159,0,0,0.461044,0,0,0,
6.9,0,0,74.0923,0,0,-21.0178,0,0,-2.02982,1,0,0,0,0,0,0,0,0,0,3.14159,0,0,0.461944,0,0,0,
6.91,0,0,73.8819,0,0,-21.0379,0,0,-2.01478,1,0,0,0,0,0,0,0,0,0,3.14159,0,0,0.462837,0,0,0,
6.92,0,0,73.6714,0,0,-21.0579,0,0,-1.99983,1,0,0,0,0,0,0,0,0,0,3.14159,0,0,0.463725,0,0,0,
6.93,0,0,73.4606,0,0,-21.0778,0,0,-1.98498,1,0,0,0,0,0,0,0,0,0,3.14159,0,0,0.464607,0,0,0,
6.94,0,0,73.2496,0,0,-21.0975,0,0,-1.97023,1,0,0,0,0,0,0,0,0,0,3.14159,0,0,0.465483,0,0,0,
6.95,0,0,73.0384,0,0,-21.1171,0,0,-1.95557,1,0,0,0,0,0,0,0,0,0,3.14159,0,0,0.466354,0,0,0,
6.96,0,0,72.8271,0,0,-21.1365,0,0,-1.94101,1,0,0,0,0,0,0,0,0,0,3.14159,0,0,0.467219,0,0,0,
6.97,0,0,72.6155,0,0,-21.1557,0,0,-1.92655,1,0,0,0,0,0,0,0,0,0,3.14159,0,0,0.468078,0,0,0,
6.98,0,0,72.4038,0,0,-21.1748,0,0,-1.91217,1,0,0,0,0,0,0,0,0,0,3.14159,0,0,0.468932,0,0,0,
6.99,0,0,72.1918,0,0,-21.1938,0,0,-1.8979,1,0,0,0,0,0,0,0,0,0,3.14159,0,0,0.46978,0,0,0,
7,0,0,71.9797,0,0,-21.2127,0,0,-1.88371,1,0,0,0,0,0,0,0,0,0,3.14159,0,0,0.470622,0,0,0,
7.01,0,0,71.7674,0,0,-21.2314,0,0,-1.86962,1,0,0,0,0,0,0,0,0,0,3.14159,0,0,0.471459,0,0,0,
7.02,0,0,71.5549,0,0,-21.2499,0,0,-1.85563,1,0,0,0,0,0,0,0,0,0,3.14159,0,0,0.472291,0,0,0,
7.03,0,0,71.3422,0,0,-21.2683,0,0,-1.84172,1,0,0,0,0,0,0,0,0,0,3.14159,0,0,0.473117,0,0,0,
7.04,0,0,71.1293,0,0,-21.2866,0,0,-1.82791,1,0,0,0,0,0,0,0,0,0,3.14159,0,0,0.473937,0,0,0,
7.05,0,0,70.9163,0,0,-21.3048,0,0,-1.81419,1,0,0,0,0,0,0,0,0,0,3.14159,0,0,0.474752,0,0,0,
7.06,0,0,70.7031,0,0,-21.3228,0,0,-1.80056,1,0,0,0,0,0,0,0,0,0,3.14159,0,0,0.475562,0,0,0,
7.07,0,0,70.4896,0,0,-21.3406,0,0,-1.78702,1,0,0,0,0,0,0,0,0,0,3.14159,0,0,0.476366,0,0,0,
7.08,0,0,70.2761,0,0,-21.3584,0,0,-1.77357,1,0,0,0,0,0,0,0,0,0,3.14159,0,0,0.477165,0,0,0,
7.09,0,0,70.0623,0,0,-21.376,0,0,-1.76022,1,0,0,0,0,0,0,0,0,0,3.14159,0,0,0.477958,0,0,0,
7.1,0,0,69.8484,0,0,-21.3934,0,0,-1.74695,1,0,0,0,0,0,0,0,0,0,3.14159,0,0,0.478746,0,0,0,
7.11,0,0,69.6343,0,0,-21.4108,0,0,-1.73377,1,0,0,0,0,0,0,0,0,0,3.14159,0,0,0.479529,0,0,0,
7.12,0,0,69.42,0,0,-21.428,0,0,-1.72068,1,0,0,0,0,0,0,0,0,0,3.14159,0,0,0.480307,0,0,0,
7.13,0,0,69.2055,0,0,-21.4451,0,0,-1.70768,1,0,0,0,0,0,0,0,0,0,3.14159,0,0,0.481079,0,0,0,
7.14,0,0,68.9909,0,0,-21.462,0,0,-1.69476,1,0,0,0,0,0,0,0,0,0,3.14159,0,0,0.481846,0,0,0,
7.15,0,0,68.7761,0,0,-21.4788,0,0,-1.68194,1,0,0,0,0,0,0,0,0,0,3.14159,0,0,0.482608,0,0,0,
7.16,0,0,68.5612,0,0,-21.4955,0,0,-1.6692,1,0,0,0,0,0,0,0,0,0,3.14159,0,0,0.483365,0,0,0,
7.17,0,0,68.346,0,0,-21.5121,0,0,-1.65654,1,0,0,0,0,0,0,0,0,0,3.14159,0,0,0.484116,0,0,0,
7.18,0,0,68.1308,0,0,-21.5285,0,0,-1.64398,1,0,0,0,0,0,0,0,0,0,3.14159,0,0,0.484863,0,0,0,
7.19,0,0,67.9153,0,0,-21.5448,0,0,-1.6315,1,0,0,0,0,0,0,0,0,0,3.14159,0,0,0.485604,0,0,0,
7.2,0,0,67.6997,0,0,-21.561,0,0,-1.6191,1,0,0,0,0,0,0,0,0,0,3.14159,0,0,0.48634,0,0,0,
7.21,0,0,67.4839,0,0,-21.5771,0,0,-1.60679,1,0,0,0,0,0,0,0,0,0,3.14159,0,0,0.487072,0,0,0,
7.22,0,0,67.268,0,0,-21.593,0,0,-1.59456,1,0,0,0,0,0,0,0,0,0,3.14159,0,0,0.487798,0,0,0,
7.23,0,0,67.0519,0,0,-21.6089,0,0,-1.58242,1,0,0,0,0,0,0,0,0,0,3.14159,0,0,0.488519,0,0,0,
7.24,0,0,66.8357,0,0,-21.6246,0,0,-1.57036,1,0,0,0,0,0,0,0,0,0,3.14159,0,0,0.489235,0,0,0,
7.25,0,0,66.6193,0,0,-21.6402,0,0,-1.55839,1,0,0,0,0,0,0,0,0,0,3.14159,0,0,0.489947,0,0,0,
7.26,0,0,66.4027,0,0,-21.6556,0,0,-1.5465,1,0,0,0,0,0,0,0,0,0,3.14159,0,0,0.490653,0,0,0,
7.27,0,0,66.186,0,0,-21.671,0,0,-1.53469,1,0,0,0,0,0,0,0,0,0,3.14159,0,0,0.491355,0,0,0,
7.28,0,0,65.9691,0,0,-21.6862,0,0,-1.52296,1,0,0,0,0,0,0,0,0,0,3.14159,0,0,0.492051,0,0,0,
7.29,0,0,65.7521,0,0,-21.7013,0,0,-1.51131,1,0,0,0,0,0,0,0,0,0,3.14159,0,0,0.492743,0,0,0,
7.3,0,0,65.535,0,0,-21.7163,0,0,-1.49974,1,0,0,0,0,0,0,0,0,0,3.14159,0,0,0.49343,0,0,0,
7.31,0,0,65.3177,0,0,-21.7312,0,0,-1.48826,1,0,0,0,0,0,0,0,0,0,3.14159,0,0,0.494112,0,0,0,
7.32,0,0,65.1002,0,0,-21.746,0,0,-1.47685,1,0,0,0,0,0,0,0,0,0,3.14159,0,0,0.49479,0,0,0,
7.33,0,0,64.8826,0,0,-21.7606,0,0,-1.46553,1,0,0,0,0,0,0,0,0,0,3.14159,0,0,0.495463,0,0,0,
7.34,0,0,64.6648,0,0,-21.7752,0,0,-1.45428,1,0,0,0,0,0,0,0,0,0,3.14159,0,0,0.496131,0,0,0,
7.35,0,0,64.4469,0,0,-21.7896,0,0,-1.44311,1,0,0,0,0,0,0,0,0,0,3.14159,0,0,0.496794,0,0,0,
7.36,0,0,64.2289,0,0,-21.8039,0,0,-1.43202,1,0,0,0,0,0,0,0,0,0,3.14159,0,0,0.497453,0,0,0,
7.37,0,0,64.0107,0,0,-21.8181,0,0,-1.42101,1,0,0,0,0,0,0,0,0,0,3.14159,0,0,0.498107,0,0,0,
7.38,0,0,63.7924,0,0,-21.8322,0,0,-1.41008,1,0,0,0,0,0,0,0,0,0,3.14159,0,0,0.498756,0,0,0,
7.39,0,0,63.5739,0,0,-21.8462,0,0,-1.39922,1,0,0,0,0,0,0,0,0,0,3.14159,0,0,0.499401,0,0,0,
7.4,0,0,63.3553,0,0,-21.8601,0,0,-1.38844,1,0,0,0,0,0,0,0,0,0,3.14159,0,0,0.500042,0,0,0,
7.41,0,0,63.1366,0,0,-21.8739,0,0,-1.37774,1,0,0,0,0,0,0,0,0,0,3.14159,0,0,0.500677,0,0,0,
7.42,0,0,62.9177,0,0,-21.8875,0,0,-1.36711,1,0,0,0,0,0,0,0,0,0,3.14159,0,0,0.501309,0,0,0,
7.43,0,0,62.6987,0,0,-21.9011,0,0,-1.35656,1,0,0,0,0,0,0,0,0,0,3.14159,0,0,0.501935,0,0,0,
7.44,0,0,62.4796,0,0,-21.9146,0,0,-1.34608,1,0,0,0,0,0,0,0,0,0,3.14159,0,0,0.502558,0,0,0,
7.45,0,0,62.2603,0,0,-21.9279,0,0,-1.33568,1,0,0,0,0,0,0,0,0,0,3.14159,0,0,0.503176,0,0,0,
7.46,0,0,62.0409,0,0,-21.9412,0,0,-1.32535,1,0,0,0,0,0,0,0,0,0,3.14159,0,0,0.503789,0,0,0,
7.47,0,0,61.8213,0,0,-21.9543,0,0,-1.31509,1,0,0,0,0,0,0,0,0,0,3.14159,0,0,0.504399,0,0,0,
7.48,0,0,61.6017,0,0,-21.9674,0,0,-1.30491,1,0,0,0,0,0,0,0,0,0,3.14159,0,0,0.505003,0,0,0,
7.49,0,0,61.3819,0,0,-21.9803,0,0,-1.2948,1,0,0,0,0,0,0,0,0,0,3.14159,0,0,0.505604,0,0,0,
7.5,0,0,61.1619,0,0,-21.9932,0,0,-1.28476,1,0,0,0,0,0,0,0,0,0,3.14159,0,0,0.5062,0,0,0,
7.51,0,0,60.9419,0,0,-22.0059,0,0,-1.2748,1,0,0,0,0,0,0,0,0,0,3.14159,0,0,0.506792,0,0,0,
7.52,0,0,60.7217,0,0,-22.0186,0,0,-1.2649,1,0,0,0,0,0,0,0,0,0,3.14159,0,0,0.50738,0,0,0,
7.53,0,0,60.5014,0,0,-22.0311,0,0,-1.25508,1,0,0,0,0,0,0,0,0,0,3.14159,0,0,0.507963,0,0,0,
7.54,0,0,60.2809,0,0,-22.0436,0,0,-1.24533,1,0,0,0,0,0,0,0,0,0,3.14159,0,0,0.508542,0,0,0,
7.55,0,0,60.0604,0,0,-22.0559,0,0,-1.23565,1,0,0,0,0,0,0,0,0,0,3.14159,0,0,0.509117,0,0,0,
7.56,0,0,59.8397,0,0,-22.0682,0,0,-1.22604,1,0,0,0,0,0,0,0,0,0,3.14159,0,0,0.509688,0,0,0,
7.57,0,0,59.6189,0,0,-22.0804,0,0,-1.2165,1,0,0,0,0,0,0,0,0,0,3.14159,0,0,0.510255,0,0,0,
7.58,0,0,59.398,0,0,-22.0924,0,0,-1.20702,1,0,0,0,0,0,0,0,0,0,3.14159,0,0,0.510818,0,0,0,
7.59,0,0,59.1769,0,0,-22.1044,0,0,-1.19762,1,0,0,0,0,0,0,0,0,0,3.14159,0,0,0.511377,0,0,0,
7.6,0,0,58.9558,0,0,-22.1163,0,0,-1.18828,1,0,0,0,0,0,0,0,0,0,3.14159,0,0,0.511931,0,0,0,
7.61,0,0,58.7345,0,0,-22.1281,0,0,-1.17901,1,0,0,0,0,0,0,0,0,0,3.14159,0,0,0.512482,0,0,0,
7.62,0,0,58.5131,0,0,-22.1398,0,0,-1.16981,1,0,0,0,0,0,0,0,0,0,3.14159,0,0,0.513028,0,0,0,
7.63,0,0,58.2916,0,0,-22.1514,0,0,-1.16068,1,0,0,0,0,0,0,0,0,0,3.14159,0,0,0.513571,0,0,0,
7.64,0,0,58.0699,0,0,-22.1629,0,0,-1.15161,1,0,0,0,0,0,0,0,0,0,3.14159,0,0,0.514109,0,0,0,
7.65,0,0,57.8482,0,0,-22.1743,0,0,-1.14261,1,0,0,0,0,0,0,0,0,0,3.14159,0,0,0.514644,0,0,0,
7.66,0,0,57.6263,0,0,-22.1857,0,0,-1.13367,1,0,0,0,0,0,0,0,0,0,3.14159,0,0,0.515175,0,0,0,
7.67,0,0,57.4044,0,0,-22.1969,0,0,-1.1248,1,0,0,0,0,0,0,0,0,0,3.14159,0,0,0.515702,0,0,0,
7.68,0,0,57.1823,0,0,-22.2081,0,0,-1.116,1,0,0,0,0,0,0,0,0,0,3.14159,0,0,0.516225,0,0,0,
7.69,0,0,56.9601,0,0,-22.2191,0,0,-1.10726,1,0,0,0,0,0,0,0,0,0,3.14159,0,0,0.516744,0,0,0,
7.7,0,0,56.7378,0,0,-22.2301,0,0,-1.09858,1,0,0,0,0,0,0,0,0,0,3.14159,0,0,0.517259,0,0,0,
7.71,0,0,56.5154,0,0,-22.241,0,0,-1.08997,1,0,0,0,0,0,0,0,0,0,3.14159,0,0,0.517771,0,0,0,
7.72,0,0,56.2929,0,0,-22.2518,0,0,-1.08142,1,0,0,0,0,0,0,0,0,0,3.14159,0,0,0.518279,0,0,0,
7.73,0,0,56.0702,0,0,-22.2626,0,0,-1.07293,1,0,0,0,0,0,0,0,0,0,3.14159,0,0,0.518783,0,0,0,
7.74,0,0,55.8475,0,0,-22.2732,0,0,-1.0645,1,0,0,0,0,0,0,0,0,0,3.14159,0,0,0.519283,0,0,0,
7.75,0,0,55.6247,0,0,-22.2838,0,0,-1.05614,1,0,0,0,0,0,0,0,0,0,3.14159,0,0,0.51978,0,0,0,
7.76,0,0,55.4017,0,0,-22.2943,0,0,-1.04784,1,0,0,0,0,0,0,0,0,0,3.14159,0,0,0.520273,0,0,0,
7.77,0,0,55.1787,0,0,-22.3047,0,0,-1.0396,1,0,0,0,0,0,0,0,0,0,3.14159,0,0,0.520763,0,0,0,
7.78,0,0,54.9555,0,0,-22.315,0,0,-1.03142,1,0,0,0,0,0,0,0,0,0,3.14159,0,0,0.521248,0,0,0,
7.79,0,0,54.7323,0,0,-22.3252,0,0,-1.02331,1,0,0,0,0,0,0,0,0,0,3.14159,0,0,0.521731,0,0,0,
7.8,0,0,54.5089,0,0,-22.3354,0,0,-1.01525,1,0,0,0,0,0,0,0,0,0,3.14159,0,0,0.522209,0,0,0,
7.81,0,0,54.2855,0,0,-22.3454,0,0,-1.00725,1,0,0,0,0,0,0,0,0,0,3.14159,0,0,0.522684,0,0,0,
7.82,0,0,54.0619,0,0,-22.3554,0,0,-0.999313,1,0,0,0,0,0,0,0,0,0,3.14159,0,0,0.523156,0,0,0,
7.83,0,0,53.8383,0,0,-22.3653,0,0,-0.991434,1,0,0,0,0,0,0,0,0,0,3.14159,0,0,0.523624,0,0,0,
7.84,0,0,53.6145,0,0,-22.3752,0,0,-0.983613,1,0,0,0,0,0,0,0,0,0,3.14159,0,0,0.524088,0,0,0,
7.85,0,0,53.3907,0,0,-22.3849,0,0,-0.975851,1,0,0,0,0,0,0,0,0,0,3.14159,0,0,0.524549,0,0,0,
7.86,0,0,53.1667,0,0,-22.3946,0,0,-0.968146,1,0,0,0,0,0,0,0,0,0,3.14159,0,0,0.525007,0,0,0,
7.87,0,0,52.9427,0,0,-22.4042,0,0,-0.960499,1,0,0,0,0,0,0,0,0,0,3.14159,0,0,0.525461,0,0,0,
7.88,0,0,52.7185,0,0,-22.4137,0,0,-0.95291,1,0,0,0,0,0,0,0,0,0,3.14159,0,0,0.525912,0,0,0,
7.89,0,0,52.4943,0,0,-22.4232,0,0,-0.945376,1,0,0,0,0,0,0,0,0,0,3.14159,0,0,0.52636,0,0,0,
7.9,0,0,52.27,0,0,-22.4326,0,0,-0.9379,1,0,0,0,0,0,0,0,0,0,3.14159,0,0,0.526804,0,0,0,
7.91,0,0,52.0456,0,0,-22.4419,0,0,-0.930479,1,0,0,0,0,0,0,0,0,0,3.14159,0,0,0.527245,0,0,0,
7.92,0,0,51.821,0,0,-22.4511,0,0,-0.923114,1,0,0,0,0,0,0,0,0,0,3.14159,0,0,0.527682,0,0,0,
7.93,0,0,51.5964,0,0,-22.4603,0,0,-0.915804,1,0,0,0,0,0,0,0,0,0,3.14159,0,0,0.528116,0,0,0,
7.94,0,0,51.3717,0,0,-22.4694,0,0,-0.90855,1,0,0,0,0,0,0,0,0,0,3.14159,0,0,0.528547,0,0,0,
7.95,0,0,51.147,0,0,-22.4784,0,0,-0.901349,1,0,0,0,0,0,0,0,0,0,3.14159,0,0,0.528975,0,0,0,
7.96,0,0,50.9221,0,0,-22.4873,0,0,-0.894203,1,0,0,0,0,0,0,0,0,0,3.14159,0,0,0.529399,0,0,0,
7.97,0,0,50.6971,0,0,-22.4962,0,0,-0.887111,1,0,0,0,0,0,0,0,0,0,3.14159,0,0,0.529821,0,0,0,
7.98,0,0,50.4721,0,0,-22.505,0,0,-0.880072,1,0,0,0,0,0,0,0,0,0,3.14159,0,0,0.530239,0,0,0,
7.99,0,0,50.2469,0,0,-22.5137,0,0,-0.873086,1,0,0,0,0,0,0,0,0,0,3.14159,0,0,0.530654,0,0,0,
8,0,0,50.0217,0,0,-22.5224,0,0,-0.866154,1,0,0,0,0,0,0,0,0,0,3.14159,0,0,0.531065,0,0,0,
8.01,0,0,49.7964,0,0,-22.531,0,0,-0.859273,1,0,0,0,0,0,0,0,0,0,3.14159,0,0,0.531474,0,0,0,
8.02,0,0,49.571,0,0,-22.5395,0,0,-0.852444,1,0,0,0,0,0,0,0,0,0,3.14159,0,0,0.53188,0,0,0,
8.03,0,0,49.3455,0,0,-22.5479,0,0,-0.845668,1,0,0,0,0,0,0,0,0,0,3.14159,0,0,0.532282,0,0,0,
8.04,0,0,49.12,0,0,-22.5563,0,0,-0.838942,1,0,0,0,0,0,0,0,0,0,3.14159,0,0,0.532682,0,0,0,
8.05,0,0,48.8943,0,0,-22.5647,0,0,-0.832268,1,0,0,0,0,0,0,0,0,0,3.14159,0,0,0.533078,0,0,0,
8.06,0,0,48.6686,0,0,-22.5729,0,0,-0.825644,1,0,0,0,0,0,0,0,0,0,3.14159,0,0,0.533472,0,0,0,
8.07,0,0,48.4428,0,0,-22.5811,0,0,-0.81907,1,0,0,0,0,0,0,0,0,0,3.14159,0,0,0.533862,0,0,0,
8.08,0,0,48.2169,0,0,-22.5892,0,0,-0.812547,1,0,0,0,0,0,0,0,0,0,3.14159,0,0,0.53425,0,0,0,
8.09,0,0,47.9909,0,0,-22.5973,0,0,-0.806073,1,0,0,0,0,0,0,0,0,0,3.14159,0,0,0.534634,0,0,0,
8.1,0,0,47.7649,0,0,-22.6053,0,0,-0.799648,1,0,0,0,0,0,0,0,0,0,3.14159,0,0,0.535016,0,0,0,
8.11,0,0,47.5387,0,0,-22.6132,0,0,-0.793272,1,0,0,0,0,0,0,0,0,0,3.14159,0,0,0.535395,0,0,0,
8.12,0,0,47.3125,0,0,-22.6211,0,0,-0.786945,1,0,0,0,0,0,0,0,0,0,3.14159,0,0,0.53577,0,0,0,
8.13,0,0,47.0862,0,0,-22.6289,0,0,-0.780666,1,0,0,0,0,0,0,0,0,0,3.14159,0,0,0.536143,0,0,0,
8.14,0,0,46.8599,0,0,-22.6366,0,0,-0.774436,1,0,0,0,0,0,0,0,0,0,3.14159,0,0,0.536514,0,0,0,
8.15,0,0,46.6334,0,0,-22.6443,0,0,-0.768252,1,0,0,0,0,0,0,0,0,0,3.14159,0,0,0.536881,0,0,0,
8.16,0,0,46.4069,0,0,-22.6519,0,0,-0.762116,1,0,0,0,0,0,0,0,0,0,3.14159,0,0,0.537245,0,0,0,
8.17,0,0,46.1803,0,0,-22.6595,0,0,-0.756027,1,0,0,0,0,0,0,0,0,0,3.14159,0,0,0.537607,0,0,0,
8.18,0,0,45.9536,0,0,-22.667,0,0,-0.749985,1,0,0,0,0,0,0,0,0,0,3.14159,0,0,0.537966,0,0,0,
8.19,0,0,45.7269,0,0,-22.6744,0,0,-0.743989,1,0,0,0,0,0,0,0,0,0,3.14159,0,0,0.538322,0,0,0,
8.2,0,0,45.5001,0,0,-22.6818,0,0,-0.738038,1,0,0,0,0,0,0,0,0,0,3.14159,0,0,0.538676,0,0,0,
8.21,0,0,45.2732,0,0,-22.6891,0,0,-0.732134,1,0,0,0,0,0,0,0,0,0,3.14159,0,0,0.539026,0,0,0,
8.22,0,0,45.0462,0,0,-22.6964,0,0,-0.726275,1,0,0,0,0,0,0,0,0,0,3.14159,0,0,0.539374,0,0,0,
8.23,0,0,44.8192,0,0,-22.7036,0,0,-0.720461,1,0,0,0,0,0,0,0,0,0,3.14159,0,0,0.53972,0,0,0,
8.24,0,0,44.5921,0,0,-22.7108,0,0,-0.714691,1,0,0,0,0,0,0,0,0,0,3.14159,0,0,0.540062,0,0,0,
8.25,0,0,44.3649,0,0,-22.7179,0,0,-0.708966,1,0,0,0,0,0,0,0,0,0,3.14159,0,0,0.540402,0,0,0,
8.26,0,0,44.1376,0,0,-22.7249,0,0,-0.703285,1,0,0,0,0,0,0,0,0,0,3.14159,0,0,0.54074,0,0,0,
8.27,0,0,43.9103,0,0,-22.7319,0,0,-0.697648,1,0,0,0,0,0,0,0,0,0,3.14159,0,0,0.541075,0,0,0,
8.28,0,0,43.6829,0,0,-22.7388,0,0,-0.692054,1,0,0,0,0,0,0,0,0,0,3.14159,0,0,0.541407,0,0,0,
8.29,0,0,43.4555,0,0,-22.7456,0,0,-0.686504,1,0,0,0,0,0,0,0,0,0,3.14159,0,0,0.541737,0,0,0,
8.3,0,0,43.228,0,0,-22.7525,0,0,-0.680996,1,0,0,0,0,0,0,0,0,0,3.14159,0,0,0.542064,0,0,0,
8.31,0,0,43.0004,0,0,-22.7592,0,0,-0.675531,1,0,0,0,0,0,0,0,0,0,3.14159,0,0,0.542388,0,0,0,
8.32,0,0,42.7727,0,0,-22.7659,0,0,-0.670108,1,0,0,0,0,0,0,0,0,0,3.14159,0,0,0.542711,0,0,0,
8.33,0,0,42.545,0,0,-22.7726,0,0,-0.664727,1,0,0,0,0,0,0,0,0,0,3.14159,0,0,0.54303,0,0,0,
8.34,0,0,42.3172,0,0,-22.7792,0,0,-0.659387,1,0,0,0,0,0,0,0,0,0,3.14159,0,0,0.543347,0,0,0,
8.35,0,0,42.0893,0,0,-22.7857,0,0,-0.654089,1,0,0,0,0,0,0,0,0,0,3.14159,0,0,0.543662,0,0,0,
8.36,0,0,41.8614,0,0,-22.7922,0,0,-0.648832,1,0,0,0,0,0,0,0,0,0,3.14159,0,0,0.543974,0,0,0,
8.37,0,0,41.6334,0,0,-22.7986,0,0,-0.643616,1,0,0,0,0,0,0,0,0,0,3.14159,0,0,0.544284,0,0,0,
8.38,0,0,41.4054,0,0,-22.805,0,0,-0.63844,1,0,0,0,0,0,0,0,0,0,3.14159,0,0,0.544592,0,0,0,
8.39,0,0,41.1773,0,0,-22.8113,0,0,-0.633305,1,0,0,0,0,0,0,0,0,0,3.14159,0,0,0.544897,0,0,0,
8.4,0,0,40.9491,0,0,-22.8176,0,0,-0.628209,1,0,0,0,0,0,0,0,0,0,3.14159,0,0,0.545199,0,0,0,
8.41,0,0,40.7208,0,0,-22.8239,0,0,-0.623153,1,0,0,0,0,0,0,0,0,0,3.14159,0,0,0.5455,0,0,0,
8.42,0,0,40.4925,0,0,-22.83,0,0,-0.618136,1,0,0,0,0,0,0,0,0,0,3.14159,0,0,0.545798,0,0,0,
8.43,0,0,40.2642,0,0,-22.8362,0,0,-0.613159,1,0,0,0,0,0,0,0,0,0,3.14159,0,0,0.546093,0,0,0,
8.44,0,0,40.0358,0,0,-22.8422,0,0,-0.60822,1,0,0,0,0,0,0,0,0,0,3.14159,0,0,0.546387,0,0,0,
8.45,0,0,39.8073,0,0,-22.8483,0,0,-0.603319,1,0,0,0,0,0,0,0,0,0,3.14159,0,0,0.546678,0,0,0,
8.46,0,0,39.5787,0,0,-22.8543,0,0,-0.598457,1,0,0,0,0,0,0,0,0,0,3.14159,0,0,0.546967,0,0,0,
8.47,0,0,39.3501,0,0,-22.8602,0,0,-0.593633,1,0,0,0,0,0,0,0,0,0,3.14159,0,0,0.547253,0,0,0,
8.48,0,0,39.1215,0,0,-22.8661,0,0,-0.588846,1,0,0,0,0,0,0,0,0,0,3.14159,0,0,0.547538,0,0,0,
8.49,0,0,38.8928,0,0,-22.8719,0,0,-0.584097,1,0,0,0,0,0,0,0,0,0,3.14159,0,0,0.54782,0,0,0,
8.5,0,0,38.664,0,0,-22.8777,0,0,-0.579384,1,0,0,0,0,0,0,0,0,0,3.14159,0,0,0.5481,0,0,0,
8.51,0,0,38.4351,0,0,-22.8835,0,0,-0.574709,1,0,0,0,0,0,0,0,0,0,3.14159,0,0,0.548377,0,0,0,
8.52,0,0,38.2063,0,0,-22.8892,0,0,-0.57007,1,0,0,0,0,0,0,0,0,0,3.14159,0,0,0.548653,0,0,0,
8.53,0,0,37.9773,0,0,-22.8948,0,0,-0.565467,1,0,0,0,0,0,0,0,0,0,3.14159,0,0,0.548926,0,0,0,
8.54,0,0,37.7483,0,0,-22.9004,0,0,-0.560901,1,0,0,0,0,0,0,0,0,0,3.14159,0,0,0.549197,0,0,0,
8.55,0,0,37.5192,0,0,-22.906,0,0,-0.55637,1,0,0,0,0,0,0,0,0,0,3.14159,0,0,0.549467,0,0,0,
8.56,0,0,37.2901,0,0,-22.9115,0,0,-0.551875,1,0,0,0,0,0,0,0,0,0,3.14159,0,0,0.549734,0,0,0,
8.57,0,0,37.061,0,0,-22.917,0,0,-0.547415,1,0,0,0,0,0,0,0,0,0,3.14159,0,0,0.549999,0,0,0,
8.58,0,0,36.8317,0,0,-22.9224,0,0,-0.54299,1,0,0,0,0,0,0,0,0,0,3.14159,0,0,0.550261,0,0,0,
8.59,0,0,36.6025,0,0,-22.9278,0,0,-0.538599,1,0,0,0,0,0,0,0,0,0,3.14159,0,0,0.550522,0,0,0,
8.6,0,0,36.3731,0,0,-22.9332,0,0,-0.534243,1,0,0,0,0,0,0,0,0,0,3.14159,0,0,0.550781,0,0,0,
8.61,0,0,36.1437,0,0,-22.9384,0,0,-0.529922,1,0,0,0,0,0,0,0,0,0,3.14159,0,0,0.551038,0,0,0,
8.62,0,0,35.9143,0,0,-22.9437,0,0,-0.525634,1,0,0,0,0,0,0,0,0,0,3.14159,0,0,0.551292,0,0,0,
8.63,0,0,35.6848,0,0,-22.9489,0,0,-0.52138,1,0,0,0,0,0,0,0,0,0,3.14159,0,0,0.551545,0,0,0,
8.64,0,0,35.4553,0,0,-22.9541,0,0,-0.51716,1,0,0,0,0,0,0,0,0,0,3.14159,0,0,0.551796,0,0,0,
8.65,0,0,35.2257,0,0,-22.9592,0,0,-0.512972,1,0,0,0,0,0,0,0,0,0,3.14159,0,0,0.552044,0,0,0,
8.66,0,0,34.996,0,0,-22.9643,0,0,-0.508818,1,0,0,0,0,0,0,0,0,0,3.14159,0,0,0.552291,0,0,0,
8.67,0,0,34.7663,0,0,-22.9694,0,0,-0.504696,1,0,0,0,0,0,0,0,0,0,3.14159,0,0,0.552536,0,0,0,
8.68,0,0,34.5366,0,0,-22.9744,0,0,-0.500607,1,0,0,0,0,0,0,0,0,0,3.14159,0,0,0.552779,0,0,0,
8.69,0,0,34.3068,0,0,-22.9793,0,0,-0.49655,1,0,0,0,0,0,0,0,0,0,3.14159,0,0,0.55302,0,0,0,
8.7,0,0,34.077,0,0,-22.9843,0,0,-0.492526,1,0,0,0,0,0,0,0,0,0,3.14159,0,0,0.553259,0,0,0,
8.71,0,0,33.8471,0,0,-22.9891,0,0,-0.488533,1,0,0,0,0,0,0,0,0,0,3.14159,0,0,0.553496,0,0,0,
8.72,0,0,33.6171,0,0,-22.994,0,0,-0.484571,1,0,0,0,0,0,0,0,0,0,3.14159,0,0,0.553731,0,0,0,
8.73,0,0,33.3871,0,0,-22.9988,0,0,-0.480641,1,0,0,0,0,0,0,0,0,0,3.14159,0,0,0.553965,0,0,0,
8.74,0,0,33.1571,0,0,-23.0036,0,0,-0.476741,1,0,0,0,0,0,0,0,0,0,3.14159,0,0,0.554197,0,0,0,
8.75,0,0,32.927,0,0,-23.0083,0,0,-0.472873,1,0,0,0,0,0,0,0,0,0,3.14159,0,0,0.554426,0,0,0,
8.76,0,0,32.6969,0,0,-23.013,0,0,-0.469035,1,0,0,0,0,0,0,0,0,0,3.14159,0,0,0.554654,0,0,0,
8.77,0,0,32.4667,0,0,-23.0176,0,0,-0.465228,1,0,0,0,0,0,0,0,0,0,3.14159,0,0,0.55488,0,0,0,
8.78,0,0,32.2365,0,0,-23.0222,0,0,-0.461451,1,0,0,0,0,0,0,0,0,0,3.14159,0,0,0.555105,0,0,0,
8.79,0,0,32.0062,0,0,-23.0268,0,0,-0.457703,1,0,0,0,0,0,0,0,0,0,3.14159,0,0,0.555327,0,0,0,
8.8,0,0,31.7759,0,0,-23.0314,0,0,-0.453985,1,0,0,0,0,0,0,0,0,0,3.14159,0,0,0.555548,0,0,0,
8.81,0,0,31.5456,0,0,-23.0359,0,0,-0.450297,1,0,0,0,0,0,0,0,0,0,3.14159,0,0,0.555767,0,0,0,
8.82,0,0,31.3152,0,0,-23.0403,0,0,-0.446638,1,0,0,0,0,0,0,0,0,0,3.14159,0,0,0.555985,0,0,0,
8.83,0,0,31.0847,0,0,-23.0448,0,0,-0.443008,1,0,0,0,0,0,0,0,0,0,3.14159,0,0,0.5562,0,0,0,
8.84,0,0,30.8542,0,0,-23.0492,0,0,-0.439407,1,0,0,0,0,0,0,0,0,0,3.14159,0,0,0.556414,0,0,0,
8.85,0,0,30.6237,0,0,-23.0535,0,0,-0.435835,1,0,0,0,0,0,0,0,0,0,3.14159,0,0,0.556626,0,0,0,
8.86,0,0,30.3931,0,0,-23.0578,0,0,-0.43229,1,0,0,0,0,0,0,0,0,0,3.14159,0,0,0.556837,0,0,0,
8.87,0,0,30.1625,0,0,-23.0621,0,0,-0.428774,1,0,0,0,0,0,0,0,0,0,3.14159,0,0,0.557046,0,0,0,
8.88,0,0,29.9318,0,0,-23.0664,0,0,-0.425286,1,0,0,0,0,0,0,0,0,0,3.14159,0,0,0.557253,0,0,0,
8.89,0,0,29.7011,0,0,-23.0706,0,0,-0.421826,1,0,0,0,0,0,0,0,0,0,3.14159,0,0,0.557459,0,0,0,
8.9,0,0,29.4704,0,0,-23.0748,0,0,-0.418393,1,0,0,0,0,0,0,0,0,0,3.14159,0,0,0.557662,0,0,0,
8.91,0,0,29.2396,0,0,-23.0789,0,0,-0.414988,1,0,0,0,0,0,0,0,0,0,3.14159,0,0,0.557865,0,0,0,
8.92,0,0,29.0087,0,0,-23.083,0,0,-0.411609,1,0,0,0,0,0,0,0,0,0,3.14159,0,0,0.558065,0,0,0,
8.93,0,0,28.7779,0,0,-23.0871,0,0,-0.408258,1,0,0,0,0,0,0,0,0,0,3.14159,0,0,0.558264,0,0,0,
8.94,0,0,28.547,0,0,-23.0912,0,0,-0.404933,1,0,0,0,0,0,0,0,0,0,3.14159,0,0,0.558462,0,0,0,
8.95,0,0,28.316,0,0,-23.0952,0,0,-0.401635,1,0,0,0,0,0,0,0,0,0,3.14159,0,0,0.558658,0,0,0,
8.96,0,0,28.085,0,0,-23.0992,0,0,-0.398363,1,0,0,0,0,0,0,0,0,0,3.14159,0,0,0.558852,0,0,0,
8.97,0,0,27.854,0,0,-23.1031,0,0,-0.395117,1,0,0,0,0,0,0,0,0,0,3.14159,0,0,0.559045,0,0,0,
8.98,0,0,27.6229,0,0,-23.107,0,0,-0.391897,1,0,0,0,0,0,0,0,0,0,3.14159,0,0,0.559236,0,0,0,
8.99,0,0,27.3918,0,0,-23.1109,0,0,-0.388703,1,0,0,0,0,0,0,0,0,0,3.14159,0,0,0.559426,0,0,0,
9,0,0,27.1607,0,0,-23.1148,0,0,-0.385534,1,0,0,0,0,0,0,0,0,0,3.14159,0,0,0.559614,0,0,0,
9.01,0,0,26.9295,0,0,-23.1186,0,0,-0.38239,1,0,0,0,0,0,0,0,0,0,3.14159,0,0,0.559801,0,0,0,
9.02,0,0,26.6982,0,0,-23.1224,0,0,-0.379272,1,0,0,0,0,0,0,0,0,0,3.14159,0,0,0.559986,0,0,0,
9.03,0,0,26.467,0,0,-23.1262,0,0,-0.376178,1,0,0,0,0,0,0,0,0,0,3.14159,0,0,0.56017,0,0,0,
9.04,0,0,26.2357,0,0,-23.1299,0,0,-0.37311,1,0,0,0,0,0,0,0,0,0,3.14159,0,0,0.560352,0,0,0,
9.05,0,0,26.0043,0,0,-23.1336,0,0,-0.370066,1,0,0,0,0,0,0,0,0,0,3.14159,0,0,0.560533,0,0,0,
9.06,0,0,25.773,0,0,-23.1373,0,0,-0.367046,1,0,0,0,0,0,0,0,0,0,3.14159,0,0,0.560712,0,0,0,
9.07,0,0,25.5416,0,0,-23.1409,0,0,-0.36405,1,0,0,0,0,0,0,0,0,0,3.14159,0,0,0.56089,0,0,0,
9.08,0,0,25.3101,0,0,-23.1445,0,0,-0.361078,1,0,0,0,0,0,0,0,0,0,3.14159,0,0,0.561067,0,0,0,
9.09,0,0,25.0786,0,0,-23.1481,0,0,-0.35813,1,0,0,0,0,0,0,0,0,0,3.14159,0,0,0.561242,0,0,0,
9.1,0,0,24.8471,0,0,-23.1517,0,0,-0.355206,1,0,0,0,0,0,0,0,0,0,3.14159,0,0,0.561416,0,0,0,
9.11,0,0,24.6156,0,0,-23.1552,0,0,-0.352305,1,0,0,0,0,0,0,0,0,0,3.14159,0,0,0.561588,0,0,0,
9.12,0,0,24.384,0,0,-23.1587,0,0,-0.349428,1,0,0,0,0,0,0,0,0,0,3.14159,0,0,0.561759,0,0,0,
9.13,0,0,24.1524,0,0,-23.1621,0,0,-0.346573,1,0,0,0,0,0,0,0,0,0,3.14159,0,0,0.561929,0,0,0,
9.14,0,0,23.9207,0,0,-23.1656,0,0,-0.343741,1,0,0,0,0,0,0,0,0,0,3.14159,0,0,0.562097,0,0,0,
9.15,0,0,23.689,0,0,-23.169,0,0,-0.340933,1,0,0,0,0,0,0,0,0,0,3.14159,0,0,0.562264,0,0,0,
9.16,0,0,23.4573,0,0,-23.1724,0,0,-0.338146,1,0,0,0,0,0,0,0,0,0,3.14159,0,0,0.562429,0,0,0,
9.17,0,0,23.2255,0,0,-23.1757,0,0,-0.335382,1,0,0,0,0,0,0,0,0,0,3.14159,0,0,0.562593,0,0,0,
9.18,0,0,22.9937,0,0,-23.179,0,0,-0.33264,1,0,0,0,0,0,0,0,0,0,3.14159,0,0,0.562756,0,0,0,
9.19,0,0,22.7619,0,0,-23.1823,0,0,-0.329921,1,0,0,0,0,0,0,0,0,0,3.14159,0,0,0.562918,0,0,0,
9.2,0,0,22.5301,0,0,-23.1856,0,0,-0.327223,1,0,0,0,0,0,0,0,0,0,3.14159,0,0,0.563078,0,0,0,
9.21,0,0,22.2982,0,0,-23.1889,0,0,-0.324546,1,0,0,0,0,0,0,0,0,0,3.14159,0,0,0.563237,0,0,0,
9.22,0,0,22.0663,0,0,-23.1921,0,0,-0.321892,1,0,0,0,0,0,0,0,0,0,3.14159,0,0,0.563395,0,0,0,
9.23,0,0,21.8343,0,0,-23.1953,0,0,-0.319258,1,0,0,0,0,0,0,0,0,0,3.14159,0,0,0.563551,0,0,0,
9.24,0,0,21.6023,0,0,-23.1984,0,0,-0.316646,1,0,0,0,0,0,0,0,0,0,3.14159,0,0,0.563706,0,0,0,
9.25,0,0,21.3703,0,0,-23.2016,0,0,-0.314055,1,0,0,0,0,0,0,0,0,0,3.14159,0,0,0.56386,0,0,0,
9.26,0,0,21.1383,0,0,-23.2047,0,0,-0.311484,1,0,0,0,0,0,0,0,0,0,3.14159,0,0,0.564013,0,0,0,
9.27,0,0,20.9062,0,0,-23.2078,0,0,-0.308935,1,0,0,0,0,0,0,0,0,0,3.14159,0,0,0.564164,0,0,0,
9.28,0,0,20.6741,0,0,-23.2108,0,0,-0.306406,1,0,0,0,0,0,0,0,0,0,3.14159,0,0,0.564315,0,0,0,
9.29,0,0,20.4419,0,0,-23.2139,0,0,-0.303897,1,0,0,0,0,0,0,0,0,0,3.14159,0,0,0.564464,0,0,0,
9.3,0,0,20.2098,0,0,-23.2169,0,0,-0.301408,1,0,0,0,0,0,0,0,0,0,3.14159,0,0,0.564611,0,0,0,
9.31,0,0,19.9776,0,0,-23.2199,0,0,-0.29894,1,0,0,0,0,0,0,0,0,0,3.14159,0,0,0.564758,0,0,0,
9.32,0,0,19.7453,0,0,-23.2229,0,0,-0.296491,1,0,0,0,0,0,0,0,0,0,3.14159,0,0,0.564903,0,0,0,
9.33,0,0,19.5131,0,0,-23.2258,0,0,-0.294062,1,0,0,0,0,0,0,0,0,0,3.14159,0,0,0.565048,0,0,0,
9.34,0,0,19.2808,0,0,-23.2287,0,0,-0.291653,1,0,0,0,0,0,0,0,0,0,3.14159,0,0,0.565191,0,0,0,
9.35,0,0,19.0485,0,0,-23.2316,0,0,-0.289263,1,0,0,0,0,0,0,0,0,0,3.14159,0,0,0.565333,0,0,0,
9.36,0,0,18.8161,0,0,-23.2345,0,0,-0.286893,1,0,0,0,0,0,0,0,0,0,3.14159,0,0,0.565474,0,0,0,
9.37,0,0,18.5838,0,0,-23.2373,0,0,-0.284542,1,0,0,0,0,0,0,0,0,0,3.14159,0,0,0.565613,0,0,0,
9.38,0,0,18.3514,0,0,-23.2401,0,0,-0.282209,1,0,0,0,0,0,0,0,0,0,3.14159,0,0,0.565752,0,0,0,
9.39,0,0,18.1189,0,0,-23.2429,0,0,-0.279896,1,0,0,0,0,0,0,0,0,0,3.14159,0,0,0.565889,0,0,0,
9.4,0,0,17.8865,0,0,-23.2457,0,0,-0.277601,1,0,0,0,0,0,0,0,0,0,3.14159,0,0,0.566026,0,0,0,
9.41,0,0,17.654,0,0,-23.2485,0,0,-0.275324,1,0,0,0,0,0,0,0,0,0,3.14159,0,0,0.566161,0,0,0,
9.42,0,0,17.4215,0,0,-23.2512,0,0,-0.273066,1,0,0,0,0,0,0,0,0,0,3.14159,0,0,0.566295,0,0,0,
9.43,0,0,17.1889,0,0,-23.2539,0,0,-0.270827,1,0,0,0,0,0,0,0,0,0,3.14159,0,0,0.566428,0,0,0,
9.44,0,0,16.9564,0,0,-23.2566,0,0,-0.268605,1,0,0,0,0,0,0,0,0,0,3.14159,0,0,0.56656,0,0,0,
9.45,0,0,16.7238,0,0,-23.2593,0,0,-0.266402,1,0,0,0,0,0,0,0,0,0,3.14159,0,0,0.566691,0,0,0,
9.46,0,0,16.4912,0,0,-23.2619,0,0,-0.264216,1,0,0,0,0,0,0,0,0,0,3.14159,0,0,0.566821,0,0,0,
9.47,0,0,16.2585,0,0,-23.2645,0,0,-0.262048,1,0,0,0,0,0,0,0,0,0,3.14159,0,0,0.566949,0,0,0,
9.48,0,0,16.0258,0,0,-23.2671,0,0,-0.259897,1,0,0,0,0,0,0,0,0,0,3.14159,0,0,0.567077,0,0,0,
9.49,0,0,15.7931,0,0,-23.2697,0,0,-0.257764,1,0,0,0,0,0,0,0,0,0,3.14159,0,0,0.567204,0,0,0,
9.5,0,0,15.5604,0,0,-23.2723,0,0,-0.255648,1,0,0,0,0,0,0,0,0,0,3.14159,0,0,0.56733,0,0,0,
9.51,0,0,15.3277,0,0,-23.2748,0,0,-0.253549,1,0,0,0,0,0,0,0,0,0,3.14159,0,0,0.567454,0,0,0,
9.52,0,0,15.0949,0,0,-23.2773,0,0,-0.251468,1,0,0,0,0,0,0,0,0,0,3.14159,0,0,0.567578,0,0,0,
9.53,0,0,14.8621,0,0,-23.2798,0,0,-0.249403,1,0,0,0,0,0,0,0,0,0,3.14159,0,0,0.5677,0,0,0,
9.54,0,0,14.6293,0,0,-23.2823,0,0,-0.247355,1,0,0,0,0,0,0,0,0,0,3.14159,0,0,0.567822,0,0,0,
9.55,0,0,14.3964,0,0,-23.2847,0,0,-0.245323,1,0,0,0,0,0,0,0,0,0,3.14159,0,0,0.567943,0,0,0,
9.56,0,0,14.1636,0,0,-23.2872,0,0,-0.243308,1,0,0,0,0,0,0,0,0,0,3.14159,0,0,0.568063,0,0,0,
9.57,0,0,13.9307,0,0,-23.2896,0,0,-0.24131,1,0,0,0,0,0,0,0,0,0,3.14159,0,0,0.568181,0,0,0,
9.58,0,0,13.6977,0,0,-23.292,0,0,-0.239327,1,0,0,0,0,0,0,0,0,0,3.14159,0,0,0.568299,0,0,0,
9.59,0,0,13.4648,0,0,-23.2943,0,0,-0.237361,1,0,0,0,0,0,0,0,0,0,3.14159,0,0,0.568416,0,0,0,
9.6,0,0,13.2318,0,0,-23.2967,0,0,-0.23541,1,0,0,0,0,0,0,0,0,0,3.14159,0,0,0.568532,0,0,0,
9.61,0,0,12.9988,0,0,-23.299,0,0,-0.233476,1,0,0,0,0,0,0,0,0,0,3.14159,0,0,0.568647,0,0,0,
9.62,0,0,12.7658,0,0,-23.3013,0,0,-0.231557,1,0,0,0,0,0,0,0,0,0,3.14159,0,0,0.568761,0,0,0,
9.63,0,0,12.5328,0,0,-23.3036,0,0,-0.229653,1,0,0,0,0,0,0,0,0,0,3.14159,0,0,0.568874,0,0,0,
9.64,0,0,12.2997,0,0,-23.3059,0,0,-0.227765,1,0,0,0,0,0,0,0,0,0,3.14159,0,0,0.568986,0,0,0,
9.65,0,0,12.0667,0,0,-23.3082,0,0,-0.225893,1,0,0,0,0,0,0,0,0,0,3.14159,0,0,0.569097,0,0,0,
9.66,0,0,11.8335,0,0,-23.3104,0,0,-0.224036,1,0,0,0,0,0,0,0,0,0,3.14159,0,0,0.569207,0,0,0,
9.67,0,0,11.6004,0,0,-23.3126,0,0,-0.222193,1,0,0,0,0,0,0,0,0,0,3.14159,0,0,0.569317,0,0,0,
9.68,0,0,11.3673,0,0,-23.3148,0,0,-0.220366,1,0,0,0,0,0,0,0,0,0,3.14159,0,0,0.569425,0,0,0,
9.69,0,0,11.1341,0,0,-23.317,0,0,-0.218554,1,0,0,0,0,0,0,0,0,0,3.14159,0,0,0.569533,0,0,0,
9.7,0,0,10.9009,0,0,-23.3192,0,0,-0.216756,1,0,0,0,0,0,0,0,0,0,3.14159,0,0,0.56964,0,0,0,
9.71,0,0,10.6677,0,0,-23.3213,0,0,-0.214973,1,0,0,0,0,0,0,0,0,0,3.14159,0,0,0.569746,0,0,0,
9.72,0,0,10.4345,0,0,-23.3235,0,0,-0.213204,1,0,0,0,0,0,0,0,0,0,3.14159,0,0,0.569851,0,0,0,
9.73,0,0,10.2012,0,0,-23.3256,0,0,-0.21145,1,0,0,0,0,0,0,0,0,0,3.14159,0,0,0.569955,0,0,0,
9.74,0,0,9.96793,0,0,-23.3277,0,0,-0.20971,1,0,0,0,0,0,0,0,0,0,3.14159,0,0,0.570058,0,0,0,
9.75,0,0,9.73463,0,0,-23.3298,0,0,-0.207985,1,0,0,0,0,0,0,0,0,0,3.14159,0,0,0.570161,0,0,0,
9.76,0,0,9.50132,0,0,-23.3318,0,0,-0.206273,1,0,0,0,0,0,0,0,0,0,3.14159,0,0,0.570262,0,0,0,
9.77,0,0,9.26798,0,0,-23.3339,0,0,-0.204575,1,0,0,0,0,0,0,0,0,0,3.14159,0,0,0.570363,0,0,0,
9.78,0,0,9.03462,0,0,-23.3359,0,0,-0.202891,1,0,0,0,0,0,0,0,0,0,3.14159,0,0,0.570463,0,0,0,
9.79,0,0,8.80124,0,0,-23.3379,0,0,-0.201221,1,0,0,0,0,0,0,0,0,0,3.14159,0,0,0.570562,0,0,0,
9.8,0,0,8.56784,0,0,-23.3399,0,0,-0.199565,1,0,0,0,0,0,0,0,0,0,3.14159,0,0,0.570661,0,0,0,
9.81,0,0,8.33442,0,0,-23.3419,0,0,-0.197922,1,0,0,0,0,0,0,0,0,0,3.14159,0,0,0.570758,0,0,0,
9.82,0,0,8.10098,0,0,-23.3439,0,0,-0.196292,1,0,0,0,0,0,0,0,0,0,3.14159,0,0,0.570855,0,0,0,
9.83,0,0,7.86752,0,0,-23.3458,0,0,-0.194675,1,0,0,0,0,0,0,0,0,0,3.14159,0,0,0.570951,0,0,0,
9.84,0,0,7.63405,0,0,-23.3477,0,0,-0.193072,1,0,0,0,0,0,0,0,0,0,3.14159,0,0,0.571047,0,0,0,
9.85,0,0,7.40055,0,0,-23.3496,0,0,-0.191482,1,0,0,0,0,0,0,0,0,0,3.14159,0,0,0.571141,0,0,0,
9.86,0,0,7.16703,0,0,-23.3515,0,0,-0.189905,1,0,0,0,0,0,0,0,0,0,3.14159,0,0,0.571235,0,0,0,
9.87,0,0,6.9335,0,0,-23.3534,0,0,-0.18834,1,0,0,0,0,0,0,0,0,0,3.14159,0,0,0.571328,0,0,0,
9.88,0,0,6.69995,0,0,-23.3553,0,0,-0.186789,1,0,0,0,0,0,0,0,0,0,3.14159,0,0,0.57142,0,0,0,
9.89,0,0,6.46638,0,0,-23.3572,0,0,-0.18525,1,0,0,0,0,0,0,0,0,0,3.14159,0,0,0.571511,0,0,0,
9.9,0,0,6.23279,0,0,-23.359,0,0,-0.183724,1,0,0,0,0,0,0,0,0,0,3.14159,0,0,0.571602,0,0,0,
9.91,0,0,5.99918,0,0,-23.3608,0,0,-0.18221,1,0,0,0,0,0,0,0,0,0,3.14159,0,0,0.571692,0,0,0,
9.92,0,0,5.76555,0,0,-23.3626,0,0,-0.180708,1,0,0,0,0,0,0,0,0,0,3.14159,0,0,0.571781,0,0,0,
9.93,0,0,5.53191,0,0,-23.3644,0,0,-0.179219,1,0,0,0,0,0,0,0,0,0,3.14159,0,0,0.571869,0,0,0,
9.94,0,0,5.29825,0,0,-23.3662,0,0,-0.177742,1,0,0,0,0,0,0,0,0,0,3.14159,0,0,0.571957,0,0,0,
9.95,0,0,5.06457,0,0,-23.368,0,0,-0.176277,1,0,0,0,0,0,0,0,0,0,3.14159,0,0,0.572044,0,0,0,
9.96,0,0,4.83087,0,0,-23.3697,0,0,-0.174824,1,0,0,0,0,0,0,0,0,0,3.14159,0,0,0.57213,0,0,0,
9.97,0,0,4.59715,0,0,-23.3714,0,0,-0.173382,1,0,0,0,0,0,0,0,0,0,3.14159,0,0,0.572216,0,0,0,
9.98,0,0,4.36342,0,0,-23.3732,0,0,-0.171953,1,0,0,0,0,0,0,0,0,0,3.14159,0,0,0.572301,0,0,0,
9.99,0,0,4.12967,0,0,-23.3749,0,0,-0.170535,1,0,0,0,0,0,0,0,0,0,3.14159,0,0,0.572385,0,0,0,
10,0,0,3.89591,0,0,-23.3765,0,0,-0.169129,1,0,0,0,0,0,0,0,0,0,3.14159,0,0,0.572469,0,0,0,
